title,rating,votes,genre_ids,language,release_date,runtime,budget,revenue,number_of_seasons,number_of_episodes
The Late Show with Stephen Colbert,6.355,310,"[35, 10767]",en,2015-09-08,,,,10,1679
Late Show with David Letterman,6.325,154,"[10767, 35]",en,1993-08-30,63.0,,,22,4252
Watch What Happens Live with Andy Cohen,5.127,75,"[10767, 35]",en,2009-07-16,30.0,,,23,2865
Grey's Anatomy,8.225,10538,[18],en,2005-03-27,,,,21,447
The Daily Show,6.36,577,"[10763, 35]",en,1996-07-22,30.0,,,30,4110
NPR Tiny Desk Concerts,7.8,8,[],en,2008-04-22,20.0,,,19,1617
The Late Late Show with Craig Ferguson,6.792,106,"[35, 10767]",en,2005-01-03,60.0,,,11,2057
Among Friends,3.2,14,"[18, 10751]",hu,1998-10-26,12.0,,,23,10456
Good Mythical Morning,7.038,80,[35],en,2012-01-09,10.0,,,27,3110
The Amazing Race,6.873,153,[10764],en,2001-09-05,42.0,,,37,437
Match of the Day,7.511,47,"[10767, 10763]",en,1964-08-22,80.0,,,61,3196
Late Night with Seth Meyers,5.333,108,"[10767, 35]",en,2014-02-25,45.0,,,12,1665
Criminal Minds,8.306,3852,"[80, 18, 9648]",en,2005-09-22,42.0,,,18,354
The Tonight Show Starring Jimmy Fallon,5.865,341,"[35, 10767]",en,2014-02-17,45.0,,,12,1560
The Kelly Clarkson Show,6.4,64,[10767],en,2019-09-09,60.0,,,6,828
The Late Late Show with James Corden,5.312,138,[10767],en,2015-03-23,40.0,,,8,1200
NCIS: Los Angeles,7.5,1189,"[10759, 18, 80, 9648]",en,2009-09-22,45.0,,,14,323
Tomorrow Is Ours,6.343,67,"[80, 18, 10766]",fr,2017-07-17,25.0,,,1,1925
WWE 205 Live,5.838,34,"[10759, 18]",en,2016-11-29,60.0,,,7,270
Teen Titans Go!,6.505,657,"[16, 10759, 35, 10751, 10765]",en,2013-04-23,11.0,,,9,417
Pokémon,7.9,1968,"[16, 10759, 10765]",ja,1997-04-01,,,,25,1235
The Colbert Report,6.855,275,"[10763, 35]",en,2005-10-17,24.0,,,11,1447
Getroud met Rugby: Die Sepie,3.0,1,[10766],af,2016-04-04,,,,7,1695
The Mike Douglas Show,5.375,8,"[35, 10767]",en,1961-12-11,60.0,,,21,862
The Andy Griffith Show,7.622,152,"[35, 10751]",en,1960-10-03,25.0,,,8,249
Game of Thrones,8.457,25137,"[10765, 18, 10759]",en,2011-04-17,,,,8,73
Bob's Burgers,7.8,990,"[16, 35]",en,2011-01-09,23.0,,,15,292
Robert Montgomery Presents,5.6,7,[18],en,1950-01-30,60.0,,,8,318
Late Night with Jimmy Fallon,5.989,95,[10767],en,2009-03-02,60.0,,,6,180
Meet the Press,4.0,18,"[10763, 10767]",en,1947-11-06,53.0,,,79,3241
America's Next Top Model,5.256,133,[10764],en,2003-05-20,42.0,,,24,312
The Tonight Show Starring Johnny Carson,7.465,85,[10767],en,1962-10-01,60.0,,,31,3644
Garfield and Friends,7.265,360,"[16, 35, 10762]",en,1988-09-17,23.0,,,7,363
Alles was zählt,5.0,7,"[10766, 18]",de,2006-09-04,24.0,,,16,3656
Rooster Teeth Animated Adventures,8.6,5,"[16, 35, 10767]",en,2011-09-28,,,,13,670
Horizon,7.516,32,[99],en,1964-02-04,60.0,,,60,1169
Top of the Pops,6.6,42,[10764],en,1964-01-01,40.0,,,43,2206
Lassie,6.1,65,"[10759, 18, 10751, 35]",en,1954-09-12,24.0,,,19,591
The Loud House,7.831,539,"[16, 35, 10751, 10762, 9648]",en,2016-05-02,11.0,,,9,356
Sesame Street,7.1,259,"[10762, 35]",en,1969-11-10,54.0,,,56,3126
Jeopardy!,6.933,142,"[10764, 10751]",en,1984-09-10,30.0,,,41,9138
Sazae-san,6.6,5,"[16, 35, 10751]",ja,1969-10-14,25.0,,,1,2650
Anderson Cooper 360°,5.1,8,"[10763, 10767]",en,2003-09-08,,,,23,1534
Supernatural,8.296,7857,"[18, 9648, 10765]",en,2005-09-13,45.0,,,15,327
Cops,6.7,174,[10764],en,1989-03-11,30.0,,,37,1246
Ordinace v růžové zahradě,3.8,6,"[35, 18]",cs,2005-09-06,80.0,,,2,1387
The Red Skelton Show,7.375,16,"[35, 10767, 10751]",en,1951-09-30,60.0,,,20,672
Star Wars Rebels,7.735,901,"[10759, 16, 10765]",en,2014-10-13,,,,4,69
Seinfeld,8.257,2123,[35],en,1989-07-05,,,,9,180
Big Brother,3.5,11,[10764],de,2000-03-01,,,,15,2471
Star Trek: Deep Space Nine,7.883,852,"[10765, 10759, 18]",en,1993-01-03,45.0,,,7,176
Degrassi,7.6,100,"[18, 10766]",en,2001-10-14,22.0,,,14,373
SUPERKID,8.75,4,"[16, 10759, 10765, 35, 10751, 10762]",ja,1983-04-04,15.0,,,1,526
Coronation Street,5.379,112,[10766],en,1960-12-09,24.0,,,66,4012
This Old House,5.4,34,"[99, 10764]",en,1979-01-01,30.0,,,46,1188
Die Rosenheim-Cops,6.5,24,"[80, 35]",de,2002-01-09,45.0,,,24,578
America's Got Talent,5.712,259,[10764],en,2006-06-21,85.0,,,20,473
Be Careful With My Heart,6.5,2,"[35, 18]",tl,2012-07-09,,,,1,618
Ready Steady Cook,0.0,0,[10764],en,1994-10-24,30.0,,,21,1899
Pretty Little Liars,7.98,2670,"[18, 9648]",en,2010-06-08,41.0,,,7,161
Teenage Mutant Ninja Turtles,8.321,741,"[10759, 10762, 16, 10765, 35]",en,2012-09-28,22.0,,,5,124
The Rookie,8.522,2497,"[80, 18, 35]",en,2018-10-16,,,,8,127
60 Minutes,6.651,73,[10763],en,1968-09-24,44.0,,,57,953
Two and a Half Men,7.452,3410,[35],en,2003-09-22,,,,12,262
Real Time with Bill Maher,6.002,221,"[35, 10767]",en,2003-02-21,60.0,,,23,700
The Grim Adventures of Billy and Mandy,8.047,978,"[16, 35, 10762]",en,2001-08-24,11.0,,,7,184
Magnum P.I.,7.6,303,"[10759, 18, 80]",en,2018-09-24,43.0,,,5,96
Phineas and Ferb,7.901,917,"[16, 35, 10751, 10765]",en,2007-08-17,12.0,,,5,246
Raw,6.77,331,[10764],en,1993-01-11,130.0,,,33,1704
Ici tout commence,6.854,89,"[10766, 18]",fr,2020-11-02,28.0,,,4,1157
One Tree Hill,7.774,521,[18],en,2003-09-23,42.0,,,9,187
"Goede Tijden, Slechte Tijden",5.083,18,[10766],nl,1990-10-01,30.0,,,44,7020
Miles from Tomorrowland,7.125,24,"[10751, 16, 10759, 10765]",en,2015-02-06,11.0,,,3,144
Come Dine with Me,5.0,31,[10764],en,2005-01-10,30.0,,,50,1373
Binnelanders,5.624,97,[10766],af,2005-10-13,,,,21,5112
Na Wspólnej,4.4,9,[10766],pl,2003-01-27,25.0,,,24,3663
Law & Order,7.4,618,"[80, 18]",en,1990-09-13,42.0,,,24,523
Star Trek: Enterprise,7.6,849,"[10765, 10759, 18]",en,2001-09-26,44.0,,,4,97
Great Performances,5.3,19,"[35, 99, 18]",en,1971-01-28,120.0,,,50,659
Hogan's Heroes,7.5,167,"[10768, 35]",en,1965-09-17,25.0,,,6,168
Sale of the Century,3.7,3,[],en,1980-07-14,60.0,,,21,4801
PAW Patrol,7.0,776,"[16, 10762]",en,2013-08-12,,,,11,510
Family Guy,7.384,4579,"[16, 35]",en,1999-01-31,22.0,,,23,442
Monogatari,8.1,483,"[16, 35, 18, 9648]",ja,2009-07-03,25.0,,,5,72
NCIS,7.622,2365,"[80, 18, 10759]",en,2003-09-23,,,,22,487
Law & Order: Special Victims Unit,7.9,3967,"[80, 18, 9648]",en,1999-09-20,43.0,,,26,573
Frontline,7.3,45,"[99, 10763]",en,1983-01-17,55.0,,,44,835
The Simpsons,8.017,10225,"[10751, 16, 35]",en,1989-12-17,22.0,,,36,786
Inkigayo,7.5,4,"[10764, 10751]",ko,1998-02-01,70.0,,,2,1547
Chespirito: Not Really on Purpose,8.064,70,"[18, 35]",es,2025-06-05,,,,1,8
7de Laan,5.0,1,[10766],af,2000-04-04,30.0,,,24,6032
The Walking Dead,8.096,17020,"[10759, 18, 10765]",en,2010-10-31,,,,11,177
Marvel's Guardians of the Galaxy,7.012,83,"[10759, 16]",en,2015-09-05,22.0,,,3,77
C.I.D.,6.1,23,"[10759, 80, 18, 9648]",hi,1998-01-21,45.0,,,2,1599
Doraemon,8.1,179,"[10759, 16, 35, 10765, 10762, 10751]",ja,2005-04-22,22.0,,,1,1319
Kelime Oyunu,8.0,2,[10764],tr,2009-01-05,90.0,,,5,2423
Thirty-Minute Theatre,3.8,5,[18],en,1965-10-07,30.0,,,8,285
El Cor de la Ciutat,5.3,5,[10766],ca,2000-09-11,30.0,,,10,1906
American Idol,5.124,165,[10764],en,2002-06-11,85.0,,,15,567
Chicago P.D.,8.412,2472,"[80, 18]",en,2014-01-08,42.0,,,12,243
"Dr. Quinn, Medicine Woman",7.6,443,"[37, 18]",en,1993-01-01,47.0,,,6,149
Adventure Time,8.5,2881,"[16, 35, 10765]",en,2010-04-05,11.0,,,10,279
WWF Superstars,8.0,3,[10751],en,1986-09-06,60.0,,,16,604
Big Brother,4.18,61,[10764],en,2000-07-18,60.0,,,19,1486
The X Factor,5.038,92,[10764],en,2004-09-04,,,,15,423
Un medico in famiglia,7.589,28,"[35, 10751]",it,1998-12-06,,,,10,286
Law & Order: Criminal Intent,7.565,352,[18],en,2001-09-30,42.0,,,10,195
American Dad!,6.975,2206,"[16, 35]",en,2005-02-06,22.0,,,22,388
Curious George,7.135,115,"[16, 10751, 10762]",en,2006-09-04,12.0,,,15,389
Good Luck Charlie,7.92,418,"[35, 10751, 10762]",en,2010-04-04,23.0,,,4,99
The George Burns and Gracie Allen Show,6.941,17,[35],en,1950-10-12,30.0,,,8,291
Escape to the Country,5.3,24,[10764],en,2002-10-14,45.0,,,25,1226
Nature,8.1,37,"[99, 10751]",en,1982-10-10,53.0,,,43,679
Die Harald Schmidt Show,7.0,16,[10764],de,1995-12-05,43.0,,,14,1369
Jodha & Akbar,5.464,14,"[18, 10751]",hi,2013-06-18,24.0,,,1,565
WWE The Bump,5.4,5,[10767],en,2019-10-02,60.0,,,6,292
Grange Hill,6.68,25,[18],en,1978-02-08,25.0,,,31,602
I'm a Celebrity: Get Me Out of Here!,4.5,12,[10764],en,2015-02-01,90.0,,,11,274
Rick and Morty,8.689,10225,"[16, 35, 10765, 10759]",en,2013-12-02,22.0,,,8,81
Conan,7.1,234,"[10767, 35, 10763]",en,2010-11-08,60.0,,,11,1510
The Drew Barrymore Show,5.917,12,[10767],en,2020-09-14,43.0,,,5,382
"Gute Zeiten, schlechte Zeiten",5.829,41,"[18, 10766]",de,1992-05-11,23.0,,,34,8304
A Case For Two,5.2,14,"[18, 80]",de,1981-09-11,60.0,,,33,300
The Flying Doctors,6.333,15,[18],en,1986-05-15,50.0,,,9,221
The Graham Norton Show,7.2,265,"[35, 10767]",en,2007-02-22,49.0,,,32,525
Panorama,6.2,13,"[99, 10763]",en,1953-11-11,30.0,,,73,1352
Pânico Jovem Pan,5.5,4,[10767],pt,2015-01-26,,,,11,872
Volle Kanne,4.4,5,[10763],de,1999-08-30,90.0,,,25,4546
Home and Away,6.292,72,"[18, 10766]",en,1988-01-18,20.0,,,38,8479
Worst Cooks in America,6.3,27,"[10764, 35]",en,2010-01-03,42.0,,,28,212
Vivement dimanche,3.0,7,[10767],fr,1998-09-20,,,,23,760
Ninja Boy Rantaro,6.4,19,"[35, 10759, 10762, 16, 10751]",ja,1993-04-10,30.0,,,27,1829
Let's Play Minecraft,7.0,3,[35],en,2012-05-11,,,,11,527
Glee,6.765,863,"[35, 18]",en,2009-05-19,43.0,,,6,121
Beat Bobby Flay,6.5,23,[10764],en,2013-08-24,30.0,,,39,504
House of Anubis,8.1,268,"[10751, 9648, 10765]",en,2011-01-01,23.0,,,3,190
The Best of WWE,9.7,3,[10764],en,2020-03-24,,,,5,126
Lois & Clark: The New Adventures of Superman,7.0,458,"[10759, 18, 10765, 35]",en,1993-09-12,46.0,,,4,87
alfredissimo! Kochen mit Bio,5.0,1,[10767],de,1994-12-27,50.0,,,14,458
CSI: Crime Scene Investigation,7.64,1296,"[80, 18, 9648]",en,2000-10-06,,,,15,335
Spicks and Specks,6.7,7,[35],en,2005-01-31,30.0,,,12,345
World War Two,7.6,5,"[99, 10768]",en,2018-09-01,,,,8,347
iCarly,7.988,1474,"[35, 10762]",en,2007-09-08,25.0,,,6,107
Survivor,7.36,399,[10764],en,2000-05-31,,,,48,705
Abot-Kamay Na Pangarap,4.3,3,"[18, 10751]",tl,2022-09-05,,,,1,659
Shin Chan,7.8,100,"[16, 35, 10762]",ja,1992-04-13,24.0,,,1,2473
Hell Girl,8.2,231,"[16, 18, 9648, 10765]",ja,2005-10-04,25.0,,,4,90
Full Frontal with Samantha Bee,5.869,88,"[10763, 10767, 35]",en,2016-02-08,21.0,,,7,218
The Amazing World of Gumball,8.492,1533,"[16, 10751, 10765, 35]",en,2011-05-03,11.0,,,7,266
The Adventures of Puss in Boots,7.108,74,"[16, 35, 10751, 10762]",en,2015-01-16,30.0,,,6,77
The Last Man on Earth,6.896,896,"[18, 35]",en,2015-03-01,22.0,,,4,67
Marvel's Daredevil,8.165,4772,"[80, 18, 10759]",en,2015-04-10,,,,3,39
Big Brother,3.7,16,[10764],en,2001-04-24,90.0,,,16,1265
Big City Greens,7.192,60,"[10751, 16, 35]",en,2018-06-18,11.0,,,5,191
The Bullwinkle Show,7.0,53,"[16, 10762, 35, 10751]",en,1959-11-19,5.0,,,5,815
Brooklyn Nine-Nine,8.209,3581,"[35, 80]",en,2013-09-17,21.0,,,8,152
Critical Role,8.2,17,"[10765, 10759, 35, 18]",en,2015-03-12,,,,3,377
The Dr. Oz Show,5.179,14,[10767],en,2009-09-14,60.0,,,11,636
Whose Line Is It Anyway?,7.706,90,"[10764, 35]",en,2013-07-16,22.0,,,13,212
Duel Masters,5.8,16,"[10759, 16, 10765, 10762]",ja,2002-10-21,24.0,,,21,914
Deal or No Deal,5.8,9,[],en,2005-10-31,45.0,,,11,1320
Running Man,8.247,190,"[35, 10764]",ko,2010-07-11,85.0,,,1,755
Outlander,8.199,2676,"[18, 10765]",en,2014-08-09,,,,8,91
Serve and Protect,5.9,7,[18],es,2017-04-25,50.0,,,7,766
Güldür Güldür Show,8.0,2,"[10764, 35, 10767]",tr,2013-02-27,105.0,,,13,423
Baa Bahoo Aur Baby,1.0,1,"[18, 35, 10751]",hi,2005-08-05,,,,2,558
After School Club,4.0,2,[],en,2013-04-17,55.0,,,1,587
Kasam - Tere Pyaar Ki,8.7,3,"[10766, 10751, 18]",hi,2016-03-07,22.0,,,1,623
48 Hours,7.265,51,"[10763, 80, 99]",en,1988-01-19,42.0,,,38,1141
Masterpiece Mystery,5.0,2,"[80, 18, 9648]",en,1980-02-05,60.0,,,45,941
The Blacklist,7.64,3296,"[18, 80, 9648]",en,2013-09-23,,,,10,218
Talking Tom and Friends,7.1,15,"[16, 35, 10762]",en,2014-12-23,11.0,,,5,156
Champs-Elysées,6.286,7,[10767],fr,1982-01-16,120.0,,,13,293
Klan,4.7,7,[10766],pl,1997-09-22,25.0,,,27,3564
House,8.592,6973,"[18, 9648, 35]",en,2004-11-16,44.0,,,8,176
Have You Been Paying Attention?,8.3,7,"[35, 10767]",en,2013-11-03,60.0,,,13,307
My Family,8.643,14,"[16, 35]",ja,2002-04-19,,,,3,694
Keep Running,5.778,9,"[35, 10764]",zh,2014-10-10,90.0,,,13,160
The Damage Report with John Iadarola,7.5,2,[10763],en,2018-11-28,61.0,,,5,814
Best Friends,3.0,6,"[35, 18, 10766]",nl,2007-09-03,12.0,,,13,2137
"Elefant, Tiger & Co.",7.25,4,"[99, 10764]",de,2003-04-01,25.0,,,23,1108
Sherri,4.2,7,[10767],en,2022-09-12,42.0,,,3,460
En mode Salvail,2.0,2,"[35, 10767]",fr,2013-10-28,48.0,,,5,398
Ninjago: Masters of Spinjitzu,7.923,737,"[16, 10759, 10765, 35]",en,2012-01-11,22.0,,,16,210
The Last Leg,5.6,25,[10767],en,2013-01-25,45.0,,,32,287
Uncle Grandpa,4.466,104,"[35, 16, 10765, 10751]",en,2013-09-02,11.0,,,5,153
Looney Tunes Cartoons,7.721,265,"[16, 35, 10751]",en,2020-05-27,,,,6,231
Bones,8.215,3277,"[80, 18]",en,2005-09-13,,,,12,246
Terra X History,6.8,4,[99],de,2000-10-29,,,,26,928
All Elite Wrestling: Dynamite,8.0,73,"[10759, 18]",en,2019-10-02,86.0,,,7,326
Case Closed,7.994,696,"[16, 80, 9648, 35]",ja,1996-01-08,25.0,,,1,1164
Marvel's Avengers,7.569,654,"[10759, 16, 10765]",en,2013-05-26,22.0,,,5,126
Come Home Love: Lo and Behold,5.442,43,"[10751, 35, 18]",cn,2017-02-06,22.0,,,1,2522
Impractical Jokers,7.9,375,[35],en,2011-12-15,30.0,,,11,268
Men on a Mission,7.441,34,"[10764, 35]",ko,2015-12-05,90.0,,,1,485
EastEnders,4.118,212,"[10766, 18, 80]",en,1985-02-19,30.0,,,41,7042
The Sopranos,8.652,2992,"[80, 18]",en,1999-01-10,,,,6,86
MasterChef: The Professionals,7.75,6,[10764],en,2008-08-25,30.0,,,17,365
MasterChef Australia,6.887,75,[10764],en,2009-04-27,75.0,,,17,1054
Stargate SG-1,8.3,1659,"[10765, 10759]",en,1997-07-27,42.0,,,10,214
The Mentalist,8.361,3932,"[80, 18, 9648]",en,2008-09-23,,,,7,151
Homicide,4.3,3,"[18, 80, 10759]",en,1964-10-20,50.0,,,14,515
Детективы,5.5,2,"[9648, 80]",ru,2006-01-03,30.0,,,14,2086
The High Fructose Adventures of Annoying Orange,6.175,40,[10759],en,2012-05-28,30.0,,,2,60
CSI: NY,7.3,705,"[80, 18, 9648]",en,2004-09-22,42.0,,,9,197
The Vampire Diaries,8.314,9216,"[18, 10765]",en,2009-09-10,43.0,,,8,171
Porta dos Fundos,6.9,25,[35],pt,2012-08-07,3.0,,,11,1623
Monster High,7.8,38,"[35, 16]",en,2010-05-05,3.0,,,6,178
The Adventures of Ozzie and Harriet,5.9,13,"[35, 10751]",en,1952-10-03,30.0,,,14,435
A Million Little Things,7.4,129,[18],en,2018-09-26,42.0,,,5,87
A Country Practice,5.6,13,"[10766, 18]",en,1981-11-18,48.0,,,13,932
Star Trek: The Next Generation,8.4,1582,"[10765, 10759, 18, 9648]",en,1987-09-28,45.0,,,7,176
KochiKame,7.9,5,"[16, 35, 80, 10751, 10759]",ja,1996-06-16,25.0,,,1,344
Lauren Lake's Paternity Court,5.9,6,"[10764, 10767]",en,2013-09-23,22.0,,,7,845
Kangsi Coming,7.7,3,"[10767, 10764]",zh,2004-01-05,60.0,,,14,3271
Ghost Adventures,7.7,198,[10764],en,2008-10-17,45.0,,,26,311
My Three Sons,6.5,33,"[35, 10751]",en,1960-09-29,30.0,,,12,380
Devon Ke Dev...Mahadev,9.1,7,[18],hi,2011-12-18,22.0,,,36,820
Saan Ka Man Naroroon,10.0,1,"[18, 10751]",tl,1999-04-12,30.0,,,1,508
Armstrong Circle Theatre,3.0,3,[18],en,1950-06-06,60.0,,,15,367
Obake no Q-tarō,7.0,1,"[16, 35, 10762]",ja,1985-04-01,12.0,,,1,510
Wizards of Waverly Place,8.469,991,"[35, 10765, 10762]",en,2007-10-12,23.0,,,4,109
In aller Freundschaft,6.0,6,[10766],de,1998-10-26,45.0,,,28,1146
The 100,7.892,8288,"[10765, 18, 10759]",en,2014-03-19,42.0,,,7,100
Star vs. the Forces of Evil,8.35,1426,"[10759, 16, 35, 10765, 10751]",en,2015-01-18,11.0,,,4,140
Being The Elite,5.0,3,"[99, 35, 10764]",en,2016-05-05,17.0,,,5,374
Nick Cannon Presents: Wild 'N Out,8.1,65,[35],en,2005-07-28,30.0,,,21,373
"Mentiras, The Series",8.763,38,"[35, 10766]",es,2025-06-13,,,,1,8
The Beverly Hillbillies,6.8,121,"[35, 10751]",en,1962-09-26,25.0,,,9,274
Secret Lives,4.5,17,"[10766, 18]",fi,1999-01-25,21.0,,,28,4787
Project Runway,6.2,103,[10764],en,2004-12-01,43.0,,,21,280
The Life and Legend of Wyatt Earp,6.579,19,"[18, 37]",en,1955-09-06,,,,6,226
Newsnight,6.2,10,[10763],en,1980-01-30,50.0,,,18,3398
Holby City,5.7,43,"[10766, 18]",en,1999-01-12,60.0,,,23,1102
The Return of Superman,7.8,13,[10764],ko,2013-11-03,100.0,,,12,984
Infinite Challenge,7.6,19,"[10764, 35]",ko,2005-04-23,90.0,,,3,616
Klamottenkiste,10.0,1,"[10751, 35]",de,1981-07-02,15.0,,,1,120
Who Do You Think You Are?,6.7,23,"[99, 10751]",en,2004-10-12,60.0,,,22,185
As the Saying Goes,7.333,9,"[35, 18]",es,2011-02-01,50.0,,,13,886
The Lizzie Bennet Diaries,7.8,15,"[35, 18, 10751]",en,2012-04-09,5.0,,,1,100
South Park,8.372,4546,"[16, 35]",en,1997-08-13,22.0,,,27,323
Wheel of Fortune,6.9,74,"[10751, 10764]",en,1983-09-19,25.0,,,42,2311
The Wendy Williams Show,6.0,9,[10767],en,2008-07-14,60.0,,,12,314
AIBOU: Tokyo Detective Duo,7.9,16,"[18, 80, 9648]",ja,2002-10-09,111.0,,,23,442
Family Affairs,2.6,5,"[18, 10766]",en,1997-03-30,30.0,,,9,2132
The Tonight Show with Jay Leno,5.411,90,"[10767, 35]",en,1992-05-25,63.0,,,21,2643
My Little Pony: Friendship Is Magic,8.154,673,"[16, 35, 10765, 10762]",en,2010-10-10,22.0,,,9,221
The Bachelor,5.3,64,[10764],en,2002-03-25,,,,29,313
The Big Bang Theory,7.909,11784,[35],en,2007-09-24,22.0,,,12,279
Dirty Linen,6.662,105,"[18, 9648]",tl,2023-01-23,30.0,,,3,165
Grimoire of Zero,6.9,46,"[16, 10765, 10759, 18, 35]",ja,2017-04-16,24.0,,,1,12
Lost,7.9,4563,"[9648, 10759, 18]",en,2004-09-22,,,,6,118
The Ellen DeGeneres Show,5.7,159,"[35, 10767]",en,2003-09-08,45.0,,,19,2078
Summer House,6.933,15,[10764],en,2017-01-13,45.0,,,9,135
The High Chaparral,6.5,23,"[37, 18]",en,1967-09-10,52.0,,,4,98
The Block,4.9,22,[10764],en,2003-06-01,60.0,,,20,962
Star Trek: Voyager,7.795,992,"[10765, 18, 10759]",en,1995-01-16,45.0,,,7,169
Have I Got a Bit More News for You,7.0,16,"[10763, 35]",en,,45.0,,,37,346
Jackie Gleason and His American Scene Magazine,5.0,1,"[10767, 35]",en,1962-09-29,60.0,,,4,124
NOVA,7.0,127,[99],en,1974-03-03,55.0,,,52,1003
Timon and Pumbaa,7.2,634,"[16, 35, 10762, 10751]",en,1995-09-08,22.0,,,8,169
Peppa Pig,6.6,702,"[16, 10762]",en,2004-05-31,,,,8,416
Pékin Express,6.9,6,"[10764, 10759]",fr,2006-01-15,120.0,,,20,278
The Wonder Years,8.32,1028,"[35, 18, 10751]",en,1988-01-31,24.0,,,6,115
Jim Henson's Animal Show with Stinky and Jake,9.5,2,[10762],en,1994-10-03,30.0,,,3,65
Breaking Bad,8.927,15672,"[18, 80]",en,2008-01-20,,,,5,62
The Rifleman,7.0,46,"[10759, 37, 10751]",en,1958-09-30,30.0,,,5,168
Shaun Micallef's Mad as Hell,8.0,1,"[35, 10763]",en,2012-05-25,30.0,,,15,168
Oggy and the Cockroaches,7.4,348,"[16, 35, 10762, 10751]",fr,1999-09-06,7.0,,,8,579
LIVE with Kelly and Mark,5.641,46,[10767],en,1988-09-05,44.0,,,37,6549
Hill Street Blues,7.6,110,"[18, 80]",en,1981-01-15,49.0,,,7,146
Remédio Santo,0.0,0,[10766],pt,2011-05-16,60.0,,,1,408
The Dead Zone,7.2,150,"[18, 10765]",en,2002-06-16,,,,6,80
The View,4.5,99,[10767],en,1997-08-11,36.0,,,28,4801
RadhaKrishn,9.0,4,"[18, 10751, 35, 10759, 10766]",hi,2018-10-01,40.0,,,4,1145
Shameless,8.16,2937,"[18, 35]",en,2011-01-09,,,,11,134
Top Chef,6.6,60,[10764],en,2006-03-08,42.0,,,22,328
All Against All,6.429,7,[10764],sv,2019-03-04,45.0,,,12,720
Mentiras verdaderas,5.5,2,"[10767, 10763]",es,2011-10-11,,,,12,2155
Landesschau Rheinland-Pfalz,0.0,0,[10763],de,2010-03-08,,,,11,560
Firing Line with Margaret Hoover,7.5,2,"[10767, 10768]",en,2018-06-22,27.0,,,8,275
Hawaii Five-0,7.754,1775,"[80, 18, 10759]",en,2010-09-20,42.0,,,10,240
The Suite Life of Zack & Cody,7.6,660,"[35, 10751, 10762]",en,2005-03-18,23.0,,,3,87
SOKO München,5.5,6,[80],de,1978-01-02,50.0,,,46,676
Sons and Daughters,6.857,7,[18],en,1982-01-18,25.0,,,6,972
Late Night with Conan O'Brien,7.178,143,"[35, 10767]",en,1993-09-13,62.0,,,16,2724
Dallas,6.861,220,"[10766, 18, 10751]",en,1978-04-02,45.0,,,14,357
2 Days and 1 Night,7.438,24,"[35, 10764]",ko,2007-08-05,90.0,,,4,880
The X-Files,8.4,3255,"[9648, 10765, 80]",en,1993-09-10,,,,11,218
Crackerjack,5.0,3,"[35, 10751]",en,1955-09-14,40.0,,,29,453
The New Alfred Hitchcock Presents,7.2,52,"[18, 9648, 80]",en,1985-09-29,30.0,,,4,76
Homicide Hunter: Lt Joe Kenda,8.9,46,"[99, 80]",en,2011-10-25,43.0,,,9,142
Aladdin,6.945,346,"[10759, 16, 35, 10765, 10762]",en,1994-02-06,22.0,,,3,86
The Red Green Show,7.2,22,[35],en,1991-01-01,21.0,,,15,304
All My Children,6.386,22,[10766],en,1970-01-05,60.0,,,16,2389
MDR um 4,5.0,4,[10767],de,2014-01-06,,,,11,2493
NCIS: New Orleans,7.292,443,"[10759, 18, 35]",en,2014-09-23,45.0,,,7,155
Star Wars: The Clone Wars,8.463,2149,"[10759, 10765, 16]",en,2008-10-03,25.0,,,7,133
Die Küchenschlacht,8.0,1,[10764],de,2008-01-14,45.0,,,16,3606
The Ghost and Molly McGee,8.0,38,"[16, 10765, 10762]",en,2021-10-01,11.0,,,2,78
The Good Wife,7.599,611,[18],en,2009-09-22,43.0,,,7,156
The Unfettered Shogun,8.1,7,"[10751, 18, 10759]",ja,1978-01-07,45.0,,,12,834
Verliebt in Berlin,3.8,6,[10766],de,2005-02-28,25.0,,,1,645
Dexter,8.217,4698,"[80, 18, 9648]",en,2006-10-01,60.0,,,8,96
Would I Lie to You?,7.713,115,[35],en,2007-06-16,30.0,,,18,172
Khatron Ke Khiladi,5.2,5,[10764],hi,2008-07-21,70.0,,,14,271
The Last of Us,8.5,6214,[18],en,2023-01-15,,,,2,16
The Carol Burnett Show,7.7,63,"[35, 10751]",en,1967-09-11,54.0,,,11,279
Flikken Maastricht,6.9,25,"[80, 10759]",nl,2007-09-03,50.0,,,19,215
RuPaul's Drag Race: Untucked,6.2,48,[10764],en,2010-02-01,21.0,,,16,196
Blue Bloods,7.801,927,"[80, 18]",en,2010-09-24,,,,14,293
Top Gear,7.858,106,[99],en,1978-07-13,,,,45,530
Egoli: Place of Gold,6.8,4,[10766],af,1992-04-06,22.0,,,18,4689
The Tyra Banks Show,4.952,21,[10767],en,2005-09-12,60.0,,,4,507
Chicago Fire,8.411,2274,[18],en,2012-10-10,42.0,,,13,274
Judge Judy,5.809,89,[80],en,1996-09-16,22.0,,,25,1994
RuPaul's Drag Race All Stars,7.3,116,[10764],en,2012-10-22,43.0,,,10,101
Below Deck Mediterranean,7.7,47,[10764],en,2016-05-03,60.0,,,9,156
Our People,8.1,19,"[10751, 35]",tr,1989-01-07,60.0,,,15,459
Wagon Train,6.3,26,"[37, 18, 10751]",en,1957-09-18,60.0,,,8,284
"Men Are from Mars, Women Are from Venus",3.0,2,[10767],en,2000-09-18,60.0,,,2,176
Teenage Mutant Ninja Turtles,7.8,194,"[10759, 16, 10762]",en,2003-02-08,22.0,,,7,154
Nytt på nytt,6.5,10,[35],no,1999-04-09,30.0,,,52,758
Suidooster,7.091,22,[10766],af,2015-11-16,,,,11,2550
Who's the Murderer,8.2,13,"[80, 9648, 10764]",zh,2016-03-27,75.0,,,10,265
The Real World,5.7,39,[10764],en,1992-05-21,42.0,,,33,634
Kate Garraway's Life Stories,5.9,9,[10767],en,2009-02-22,,,,14,102
ZDF-Fernsehgarten,1.5,4,[10767],de,1986-06-29,,,,39,621
The Merv Griffin Show,5.75,8,[10767],en,1962-10-01,60.0,,,24,915
Party of Five,7.0,118,[18],en,1994-09-12,42.0,,,6,142
Friends,8.4,8410,[35],en,1994-09-22,,,,10,228
King of the Hill,7.35,603,"[16, 35, 10751]",en,1997-01-12,22.0,,,14,265
Derrick,6.0,42,"[18, 80]",de,1974-10-20,60.0,,,25,281
Plus belle la vie,4.379,33,"[18, 35, 80]",fr,2004-08-30,24.0,,,18,4667
A Little Late with Lilly Singh,3.6,35,"[35, 10767]",en,2019-09-16,22.0,,,2,177
My Little Old Boy,5.5,6,"[10764, 10767]",ko,2016-08-26,100.0,,,1,447
Shaman King,8.546,417,"[16, 10759, 10765]",ja,2001-07-04,23.0,,,1,64
"Yo soy Betty, la fea",8.345,3446,"[10766, 35, 18]",es,1999-10-25,39.0,,,1,335
Tagesschau,6.761,238,[10763],de,1952-12-26,15.0,,,74,21309
Celebrity Big Brother,4.8,43,[10764],en,2001-03-08,60.0,,,22,595
"Can't Cook, Won't Cook",0.0,0,[],en,1995-11-20,30.0,,,5,306
The People's Court,6.8,18,"[10764, 80]",en,,44.0,,,26,1255
DAS!,4.2,5,"[10767, 10763]",de,1991-01-02,45.0,,,34,6637
Disney's Adventures of the Gummi Bears,7.404,239,"[16, 10751, 10762]",en,1985-09-14,11.0,,,6,95
Malcolm in the Middle,8.474,4536,[35],en,2000-01-09,22.0,,,7,151
MythBusters,7.8,567,[99],en,2003-01-23,43.0,,,16,272
Law & Order: Organized Crime,7.887,266,"[80, 18]",en,2021-04-01,42.0,,,5,75
The Really Useful Show,5.0,1,[],en,1996-10-14,60.0,,,2,329
It's Always Sunny in Philadelphia,8.278,1165,[35],en,2005-08-04,,,,17,172
The Bold Type,7.771,188,"[18, 35]",en,2017-06-20,45.0,,,5,52
The Closer,7.9,310,"[80, 18, 9648]",en,2005-06-13,46.0,,,7,109
MBC Bests Theater,7.0,1,[18],ko,1991-07-07,,,,1,664
Explorer,5.8,14,[99],en,1985-04-07,60.0,,,26,126
Mayday,8.2,264,"[99, 18, 80]",en,2003-09-03,46.0,,,25,230
Spidey and His Amazing Friends,7.3,233,"[10762, 16, 35]",en,2021-08-06,12.0,,,4,180
The Reichen Show,4.8,5,[10767],en,2005-11-11,60.0,,,1,96
Midsomer Murders,7.5,322,"[80, 18, 9648]",en,1997-03-23,90.0,,,24,140
The Young Turks,6.1,13,"[10763, 10767, 10768]",en,,,,,21,586
The Kapil Sharma Show,7.1,35,"[35, 10767]",hi,2016-04-23,60.0,,,3,474
MasterChef Türkiye,4.6,5,[],tr,2018-09-01,120.0,,,8,782
How I Met Your Mother,8.143,5249,[35],en,2005-09-19,22.0,,,9,208
Der Alte,6.0,17,"[80, 18]",de,1977-04-11,60.0,,,54,475
The Everyday Tales of a Cat God,7.0,1,"[16, 35]",ja,2011-07-09,25.0,,,1,12
Chibi Maruko-chan,7.8,19,"[16, 35]",ja,1990-01-07,25.0,,,2,1627
The Flash,7.771,11319,"[18, 10765]",en,2014-10-07,,,,9,184
CSI: Miami,7.711,1632,"[18, 9648, 80]",en,2002-09-23,42.0,,,10,232
Today with Des and Mel,0.0,0,[],en,2004-11-17,60.0,,,5,446
Smosh,5.8,4,[35],en,2005-11-19,,,,20,806
Perfect Couple,5.0,1,"[18, 10751]",zh,2022-01-05,45.0,,,1,46
BANGTAN BOMB,9.5,2,[10764],ko,2013-06-19,3.0,,,13,840
Isidingo,4.3,3,"[10766, 18]",en,1998-07-07,30.0,,,22,2629
@midnight with Chris Hardwick,5.2,19,"[35, 10767]",en,2013-10-21,30.0,,,5,600
The Conners,7.069,116,[35],en,2018-10-16,,,,7,112
Ridiculousness,6.9,110,"[35, 10767, 10764]",en,2011-08-29,30.0,,,44,1632
Ishq Mein Marjawan,4.2,4,"[80, 9648, 18]",hi,2017-09-20,20.0,,,3,712
The Bonnie Hunt Show,4.4,7,[10767],en,2008-09-08,42.0,,,2,190
Independent Lens,6.467,15,[99],en,1999-08-09,60.0,,,26,523
Who Wants to Be a Millionaire?,6.286,35,[10767],en,1999-08-16,60.0,,,10,1061
Tyler Perry's The Haves and the Have Nots,7.515,137,"[10766, 18]",en,2013-05-28,45.0,,,8,198
Miraculous: Tales of Ladybug & Cat Noir,8.0,4484,"[10759, 16, 10762]",fr,2015-10-19,,,,6,155
Dick Powell's Zane Grey Theatre,5.5,8,"[37, 18]",en,1956-10-05,25.0,,,5,147
S.W.A.T.,8.069,1486,"[80, 10759, 18]",en,2017-11-02,,,,8,163
Uusi Päivä,4.5,2,"[35, 18, 10751]",fi,2010-10-04,30.0,,,9,801
Fast Talk with Boy Abunda,9.5,2,[10764],tl,2023-01-23,20.0,,,1,393
Elvira's Movie Macabre,6.95,10,"[35, 18]",en,1981-09-26,120.0,,,5,140
Tous en cuisine avec Cyril Lignac,6.7,3,[10764],fr,2020-03-21,50.0,,,9,204
Camera Café,6.774,53,[35],it,2003-10-06,10.0,,,6,1769
Radio Star,6.0,2,[10767],ko,2007-05-30,80.0,,,2,915
Cuarto milenio,7.5,49,"[10764, 9648]",es,2005-11-13,120.0,,,20,829
Hunter x Hunter,8.66,1884,"[16, 10759, 10765]",ja,2011-10-02,24.0,,,3,148
Caméra Café,6.8,48,[35],fr,2001-10-29,7.0,,,7,723
Horizon in the Middle of Nowhere,5.4,15,"[16, 35, 10765]",ja,2011-10-01,24.0,,,2,26
The Good Place,7.965,1743,"[10765, 35]",en,2016-09-19,22.0,,,4,50
The South Bank Show,5.6,7,[99],en,1978-01-14,60.0,,,39,743
RuPaul's Drag Race,7.552,252,[10764],en,2009-02-02,,,,18,239
The Eric Andre Show,7.9,144,[35],en,2012-05-20,11.0,,,6,60
Voltron: Legendary Defender,7.2,130,"[10759, 16, 10765, 10762]",en,2016-06-10,,,,8,76
Saiyuki,6.6,14,"[16, 10759, 18, 35]",ja,2000-04-04,25.0,,,5,126
Dark Shadows,7.2,85,"[18, 10765, 10766]",en,1966-06-27,22.0,,,12,1225
O Sexo dos Anjos,6.0,3,"[10766, 35]",pt,1989-09-25,,,,1,142
Doom Patrol,7.55,1377,"[10765, 18]",en,2019-02-15,49.0,,,4,46
The Last American Gay Bar,0.0,0,[99],en,2024-07-02,,,,1,6
Secret Story: The House of Secrets,5.7,6,[10764],es,2021-09-09,200.0,,,2,236
The Soup,6.185,27,"[10767, 35]",en,2004-07-01,30.0,,,13,643
Bleach,8.368,1942,"[10759, 16, 10765]",ja,2004-10-05,24.0,,,2,406
The Heaven and Earth Show,3.2,4,[10767],en,1998-09-06,60.0,,,10,386
Parafernalha,10.0,1,[35],pt,2011-06-16,5.0,,,1,639
The Sylvester & Tweety Mysteries,6.5,104,"[16, 35, 9648, 80]",en,1995-09-09,22.0,,,5,91
Weekly Idol,6.643,7,[10767],ko,2011-07-23,60.0,,,4,638
maybrit illner,8.0,1,[10767],de,1999-10-21,60.0,,,27,936
Lucifer,8.4,15023,"[80, 10765]",en,2016-01-25,45.0,,,6,93
The Dick Van Dyke Show,7.4,95,[35],en,1961-10-03,30.0,,,5,158
The Mighty Ones,7.4,13,"[16, 35]",en,2020-11-09,23.0,,,4,80
Everybody Loves Raymond,6.8,595,[35],en,1996-09-13,30.0,,,9,210
Kid vs. Kat,7.9,302,"[10759, 16, 35, 10765, 10751, 10762]",en,2008-10-25,22.0,,,2,104
Ninja Hattori-kun,6.8,30,"[16, 10759, 35, 10751, 10762]",ja,1981-09-28,6.0,,,1,697
Le Grand Échiquier,8.0,2,[10764],fr,1972-01-12,,,,20,209
Austin City Limits,6.2,18,[99],en,1975-01-01,54.0,,,47,550
Viva Piñata,6.286,7,"[16, 10762]",en,2006-08-26,30.0,,,2,104
The Porter Wagoner Show,0.0,0,[35],en,1961-09-14,,,,7,173
Prison Break,8.082,5454,"[10759, 80, 18]",en,2005-08-29,45.0,,,5,88
Le Monde En Face,9.7,3,"[99, 10767]",fr,1987-09-17,120.0,,,19,494
The Clothes Show,7.0,2,[],en,1986-10-13,30.0,,,13,327
The Equalizer,7.4,294,"[80, 18]",en,2021-02-07,,,,5,74
The Secret Storm,3.7,3,[10766],en,1954-02-01,30.0,,,20,319
Squid Game,7.862,15880,"[10759, 9648, 18]",ko,2021-09-17,,,,3,22
Strictly Come Dancing,5.9,36,[],en,2004-05-15,,,,22,558
Pictionary,3.5,2,[10764],en,2022-09-12,22.0,,,3,471
K.C. Undercover,7.8,182,"[10762, 35, 10751, 18]",en,2015-01-18,25.0,,,3,75
Suits,8.222,5296,[18],en,2011-06-23,42.0,,,9,134
Inazuma Eleven,8.0,276,"[16, 10765]",ja,2008-10-05,24.0,,,4,268
Happy Days,7.6,277,[35],en,1974-01-15,22.0,,,11,252
Kelders van Geheime,6.0,13,[10766],af,2024-05-06,,,,2,520
Sanjay and Craig,5.3,43,"[16, 35, 10762]",en,2013-05-25,11.0,,,3,114
PBS News Weekend,4.8,12,[10763],en,2013-09-07,25.0,,,13,1227
Puzzle & Dragons,8.0,3,"[10759, 16, 35, 10762, 10765, 18]",ja,2018-04-02,25.0,,,1,348
Kotikatu,3.5,2,[18],fi,1995-08-24,44.0,,,18,699
Aria,8.5,28,"[16, 10765, 18]",ja,2005-10-06,24.0,,,3,52
Sex Education,8.236,7503,"[35, 18]",en,2019-01-11,,,,4,32
Desperate Housewives,7.917,1935,"[9648, 18, 35]",en,2004-10-03,,,,8,179
Regular Show,8.631,2105,"[16, 35]",en,2010-09-06,11.0,,,8,245
Tour of Duty,8.0,165,"[10768, 18, 10759]",en,1987-09-24,60.0,,,3,58
MegaMan NT Warrior,7.8,20,"[10759, 16, 10765]",ja,2002-03-04,25.0,,,5,209
13 Reasons Why,7.577,4314,"[18, 9648]",en,2017-03-31,,,,4,49
Idol Radio,0.0,0,[],ko,2018-07-23,60.0,,,4,1063
Krásný ztráty,5.7,3,[10767],cs,2000-02-10,26.0,,,1,496
CBS News Sunday Morning,6.8,20,[10763],en,1979-01-28,60.0,,,47,1983
Chronicles of the Sun,6.689,122,[10766],fr,2018-08-27,26.0,,,7,1643
Maken-Ki! Battling Venus,6.3,37,"[16, 35, 10759]",ja,2011-10-05,25.0,,,2,22
How Not to Summon a Demon Lord,7.926,316,"[10759, 35, 10765, 16]",ja,2018-07-05,24.0,,,2,22
Dancing with the Stars,6.0,113,"[10751, 10764]",en,2005-06-01,90.0,,,34,500
Samson & Gert,7.3,6,[10762],nl,1990-09-02,,,,17,782
Stranger Things,8.597,18406,"[18, 10765, 9648]",en,2016-07-15,,,,5,42
Keeping Up with the Kardashians,7.4,902,[10764],en,2007-10-14,42.0,,,20,282
"Biglang Sibol, Bayang Impasibol",0.0,0,"[18, 35]",tl,2001-03-12,30.0,,,1,228
Vikings,8.097,7207,"[10759, 18, 10768]",en,2013-03-03,44.0,,,6,89
House Hunters International,6.3,26,[10764],en,2006-03-06,23.0,,,200,1601
Hamtaro,7.9,201,"[16, 10759, 10762]",ja,2000-07-07,20.0,,,1,296
Steven Universe,8.408,1235,"[16, 35, 10759, 10751, 10765]",en,2013-11-04,11.0,,,5,154
Leave It to Beaver,7.0,76,"[35, 10751]",en,1957-10-04,25.0,,,6,234
Gold Rush,7.0,160,[10764],en,2010-12-03,41.0,,,15,314
Barbara Karlich – Talk um 4,2.7,3,[10767],de,1999-10-27,60.0,,,26,4783
Three's Company,7.702,161,[35],en,1977-03-15,25.0,,,8,171
God Eater,7.3,139,"[16, 10765]",ja,2015-07-12,24.0,,,1,13
Arthur,7.018,165,"[16, 35, 10762, 10751]",en,1996-10-07,13.0,,,25,493
Washington Week with The Atlantic,9.5,2,"[10763, 10767, 10768]",en,1967-02-23,27.0,,,59,505
TV Animal Farm,6.667,3,"[10751, 10764]",ko,2001-05-06,,,,1,1194
Water Mirror,0.0,0,[18],pt,2017-05-01,,,,1,327
The Smurfs,7.0,516,"[16, 10751, 10765, 10762, 35]",en,1981-09-12,11.0,,,9,422
Friday Night with Jonathan Ross,5.8,25,"[35, 10767]",en,2001-11-02,60.0,,,18,276
Dateline: Secrets Uncovered,8.1,12,"[80, 99]",en,2017-07-21,43.0,,,15,345
Cuéntame cómo pasó,7.2,55,"[35, 18]",es,2001-09-13,70.0,,,23,417
Transformers: Super-God Masterforce,8.2,5,"[16, 10765]",ja,1988-04-12,24.0,,,1,42
Matinee Theater,5.0,6,[18],en,1955-10-31,60.0,,,3,574
Hey Arnold!,8.008,928,"[10751, 16, 35, 10762]",en,1996-10-07,12.0,,,5,186
Farmen,4.0,1,[10764],sv,2001-09-24,30.0,,,18,876
Ohanahan,0.0,0,"[18, 10751]",ja,1966-04-04,15.0,,,1,310
Doctors,4.8,42,"[10766, 18]",en,2000-03-27,30.0,,,24,3805
UFO Robot Grendizer,7.5,71,"[10759, 16, 10765]",ja,1975-10-05,25.0,,,1,74
Popeye the Sailor,7.1,373,"[16, 10762]",en,1960-06-10,5.0,,,2,230
Dragon Ball Z,8.3,4596,"[16, 10765, 10759]",ja,1989-04-26,26.0,,,9,291
We Were Liars,6.875,8,[9648],en,2025-06-18,,,,1,8
Alice's Wonderland Bakery,6.1,8,"[16, 10762, 35]",en,2022-02-09,,,,2,98
Thomas & Friends,6.702,126,"[16, 10762]",en,1984-10-09,22.0,,,26,666
The Great British Bake Off,8.3,38,[10764],en,2017-08-29,60.0,,,8,80
Smallville,8.203,4194,"[10765, 10759, 18]",en,2001-10-16,43.0,,,10,216
FBI: Most Wanted,7.7,407,"[80, 18]",en,2020-01-07,43.0,,,6,108
Second chance,7.581,487,"[35, 18, 9648, 10765]",es,2005-06-07,60.0,,,1,157
Ghar Ek Mandir,2.8,4,[10766],hi,2000-04-24,27.0,,,1,360
Grill den Henssler,5.0,6,[10764],de,2013-09-29,,,,21,131
Vivement dimanche prochain,3.4,4,[10767],fr,1998-09-11,,,,23,810
Dorothy and the Wizard of Oz,7.0,3,"[16, 10759, 10762]",en,2017-06-26,11.0,,,3,118
BoJack Horseman,8.546,2567,"[16, 35, 18]",en,2014-08-22,,,,6,76
Nobuko to Obachan,0.0,0,[18],ja,1969-04-07,15.0,,,1,309
The Looney Tunes Show,8.073,511,"[16, 35, 10751, 10762]",en,2011-05-03,22.0,,,2,52
Celebrity Rehab with Dr. Drew,3.7,3,[10764],en,2008-01-10,60.0,,,6,54
Doctor Who,7.548,3146,"[10759, 18, 10765]",en,2005-03-26,,,,13,153
The Goldbergs,7.5,340,"[10751, 35]",en,2013-09-24,22.0,,,10,229
Babylon 5,8.039,543,"[18, 10765, 10759]",en,1994-01-26,45.0,,,5,110
Les Enfants de la télé,6.5,1,[10767],fr,2010-09-15,43.0,,,15,372
Late Night with David Letterman,5.808,52,"[35, 10767]",en,1982-02-01,60.0,,,12,1377
Match of the Day 2,6.9,23,"[10767, 10763]",en,2004-08-15,60.0,,,21,661
Captain Planet and the Planeteers,6.8,219,"[16, 10759, 10765, 10762]",en,1990-09-15,25.0,,,6,113
Ginny & Georgia,8.071,1655,"[35, 18]",en,2021-02-24,59.0,,,3,30
Ajooni,8.0,1,"[18, 10766]",hi,2022-07-26,,,,1,316
Downtown no Gaki no Tsukai ya Arahende!!,9.3,10,[35],ja,1989-10-03,30.0,,,37,1695
The Office,8.581,4540,[35],en,2005-03-24,,,,9,186
Aktenzeichen XY… ungelöst,8.125,8,"[10764, 99, 80]",de,1967-10-20,90.0,,,59,622
Brothers,6.6,33,"[18, 10759]",tl,2015-09-28,,,,9,2013
Game Grumps,0.0,0,[35],en,2012-07-18,,,,787,784
Blade,7.15,90,"[16, 10759, 10765]",ja,2011-07-01,25.0,,,1,12
Dreams of Liberty,6.2,13,"[18, 10766]",es,2024-02-25,50.0,,,2,340
Por Estas Calles,0.0,0,[18],es,1992-06-03,,,,1,591
Water Rats,6.6,8,"[80, 18]",en,1996-02-12,60.0,,,6,177
Midi Première,10.0,1,[10764],fr,1975-01-06,40.0,,,7,638
Heartland,8.276,564,"[10751, 18, 35]",en,2007-10-14,45.0,,,18,269
Frasier,7.674,804,"[35, 10751]",en,1993-09-16,24.0,,,11,264
De Vuelta al Barrio,5.2,4,"[35, 10751, 18]",es,2017-05-08,45.0,,,4,842
Pennyworth: The Origin of Batman's Butler,7.9,353,"[18, 80]",en,2019-07-28,54.0,,,3,30
Modern Family,7.875,2985,[35],en,2009-09-23,25.0,,,11,250
Silsila Badalte Rishton Ka,4.3,3,[18],hi,2018-06-04,20.0,,,1,297
El Señor de los Cielos,7.921,3315,"[80, 18, 10766]",es,2013-04-15,45.0,,,9,793
The Real Housewives of Beverly Hills,6.3,98,[10764],en,2010-10-14,,,,15,308
Knights of the Zodiac,0.0,0,[],en,2003-08-30,30.0,,,4,127
Senora Acero,7.842,631,"[18, 80, 10766]",es,2014-09-23,43.0,,,5,395
Aubaines & cie,2.2,2,[],fr,2011-09-10,46.0,,,6,620
FROM,8.188,1979,"[9648, 18, 10765]",en,2022-02-20,,,,4,30
Farscape,7.9,549,"[10765, 10759, 18]",en,1999-03-19,60.0,,,4,88
Dragons' Den,6.4,27,[10764],en,2005-01-04,60.0,,,22,264
Basta't Kasama Kita,0.0,0,"[10759, 9648, 18, 35]",tl,2003-05-26,30.0,,,1,338
Whichever Way the Ball Bounces,10.0,2,"[35, 18]",hr,2014-09-15,60.0,,,2,350
Maverick,6.8,37,"[35, 37]",en,1957-09-22,60.0,,,5,124
Royal Pains,6.7,149,"[35, 18]",en,2009-06-04,42.0,,,8,104
Peaky Blinders,8.531,10404,"[18, 80]",en,2013-09-12,,,,6,36
Monk,7.942,1147,"[35, 80, 9648]",en,2002-07-12,,,,8,124
What Not to Wear,5.6,8,[10764],en,2003-01-18,45.0,,,12,325
Im Dialog,0.0,0,[10767],de,1997-01-17,,,,22,481
Liv and Maddie,8.1,390,"[35, 10751, 18]",en,2013-07-19,24.0,,,4,80
Heart of Gold,0.0,0,"[18, 80]",pt,2015-09-07,,,,1,326
Scènes de ménages,6.2,27,"[35, 10751, 10767]",fr,2009-11-09,21.0,,,15,593
Brookside,6.1,19,"[10766, 18]",en,1982-11-02,90.0,,,22,2850
Świat według Kiepskich,6.5,23,[35],pl,1999-03-16,22.0,,,35,588
Candy Candy,8.509,657,"[16, 18, 10762]",ja,1976-10-01,25.0,,,1,115
heute-show,6.6,18,"[35, 10763]",de,2009-09-08,35.0,,,28,519
One Day at a Time,6.717,60,[35],en,1975-12-16,24.0,,,9,210
"Sabrina, the Teenage Witch",7.812,1142,"[35, 10751, 10765]",en,1996-09-27,22.0,,,7,163
25 Words or Less,6.7,3,[10764],en,2018-08-06,30.0,,,6,581
Spin City,7.1,302,"[35, 18]",en,1996-09-17,22.0,,,6,145
Dragnet,6.4,32,"[18, 80]",en,1951-12-16,30.0,,,8,276
Virtues Of Harmony II,7.5,2,"[35, 10751, 18]",cn,2003-05-05,30.0,,,1,444
La resistencia,6.0,20,"[10767, 35]",es,2018-02-01,60.0,,,8,1022
Sons of Anarchy,8.4,3013,"[80, 18]",en,2008-09-03,45.0,,,7,92
Hvide løgne,5.5,2,[10766],da,1998-03-01,25.0,,,7,483
Castle,7.986,1946,"[18, 80]",en,2009-03-09,45.0,,,8,173
Nachtcafé,4.7,3,[10767],de,1987-02-14,,,,38,782
Hozuki's Coolheadedness,7.1,30,"[10765, 16, 35]",ja,2014-01-10,24.0,,,2,39
"Harvey Birdman, Attorney at Law",8.0,111,"[10765, 16, 35, 10759, 80]",en,2000-12-30,11.0,,,4,39
Witches of East End,7.338,241,"[10765, 18]",en,2013-10-06,42.0,,,2,23
Portia Faces Life,1.0,1,[],en,1954-04-05,15.0,,,2,324
Abenteuer Leben täglich,0.0,0,[99],de,2014-01-02,,,,9,2041
Big Brother,5.008,239,[10764],en,2000-07-05,,,,27,969
Paradise Hotel,5.8,8,[10764],no,2009-03-09,42.0,,,17,706
In the Heat of the Night,7.4,61,"[80, 18]",en,1988-03-06,60.0,,,8,146
Never Mind the Buzzcocks,6.981,53,[35],en,1996-11-12,29.0,,,28,283
Yes! PreCure 5,8.5,13,"[16, 35, 10759, 10762, 10751, 10765]",ja,2007-02-04,24.0,,,2,97
The Mary Tyler Moore Show,7.5,76,[35],en,1970-09-19,25.0,,,7,168
Psych,7.871,863,"[35, 18, 9648, 80]",en,2006-07-07,43.0,,,8,120
Hell's Kitchen,6.8,292,[10764],en,2005-05-30,44.0,,,23,362
Click,6.1,10,"[10763, 99]",en,2000-04-06,30.0,,,26,1006
Ishqbaaaz,9.0,3,"[18, 10751]",hi,2016-06-27,22.0,,,1,714
TNA iMPACT!,7.2,61,"[10759, 18, 9648]",en,2004-06-04,85.0,,,22,1120
Marvel's Moon Girl and Devil Dinosaur,7.9,33,"[16, 10762, 10765]",en,2023-02-10,23.0,,,2,40
McLeod's Daughters,7.3,53,[18],en,2001-08-08,45.0,,,8,224
A Grande Família,8.4,36,"[35, 10751]",pt,2001-03-29,30.0,,,14,485
The Adventures of Paddington Bear,6.5,13,"[10762, 16]",en,1997-06-14,8.0,,,3,117
Neighbours,6.0,55,"[10766, 18, 10751, 35]",en,1985-03-18,30.0,,,41,9275
Old Bridge Secret,5.727,11,"[18, 10766]",es,2011-02-23,55.0,,,12,428
Britain & Ireland's Next Top Model,10.0,1,[10764],en,2005-09-14,44.0,,,11,121
Al salir de clase,6.2,4,"[18, 35]",es,1997-09-08,35.0,,,5,282
Catfish: The TV Show,6.835,127,"[10764, 18]",en,2012-11-12,42.0,,,9,245
We Bare Bears,7.718,1799,"[10751, 35, 16, 10762]",en,2015-08-24,11.0,,,4,138
Chiquititas,7.857,7,"[10762, 10751, 10766, 35]",pt,1997-07-28,,,,5,153
The Biggest Loser,5.5,27,[10764],en,2004-10-19,90.0,,,18,263
Queen's Blade,6.4,35,"[16, 10759, 10765]",ja,2009-04-02,25.0,,,3,36
Kaitou Sentai Lupinranger vs. Keisatsu Sentai Patranger,7.9,11,"[35, 10765, 10762]",ja,2018-02-11,25.0,,,1,51
Red Dwarf,8.1,397,"[35, 10765]",en,1988-02-15,30.0,,,12,73
Black Mirror,8.285,5538,"[10765, 18, 9648]",en,2011-12-04,,,,7,32
The Joy Reid Show,4.0,8,"[10763, 10767]",en,2020-07-20,60.0,,,6,658
Good Day Live,3.0,4,[10763],en,2001-09-17,60.0,,,4,961
Mapping the World,8.6,9,[99],fr,1990-12-12,12.0,,,36,1164
Yellowstone,8.251,2778,"[37, 18]",en,2018-06-20,,,,5,53
The West Wing,8.3,517,[18],en,1999-09-22,45.0,,,7,154
Hancock's Half Hour,7.5,7,[35],en,1956-07-06,30.0,,,7,63
WWE Superstars,7.4,31,"[10759, 18]",en,2009-04-16,60.0,,,8,398
PopPixie,7.8,5,"[16, 35, 10751, 10762]",it,2011-01-10,13.0,,,1,52
Kaahin Kissii Roz,5.0,7,[18],hi,2001-04-23,24.0,,,1,895
Vighnaharta Ganesh,9.5,2,[18],hi,2017-08-22,25.0,,,1,1026
D.Gray-man,8.1,151,"[10759, 16, 9648, 10765]",ja,2006-10-03,25.0,,,2,103
NCIS: Hawaiʻi,7.8,297,"[80, 18]",en,2021-09-20,45.0,,,3,54
Tales of Wells Fargo,6.3,11,"[37, 18]",en,1957-03-18,30.0,,,6,201
8 Out of 10 Cats,7.125,44,[35],en,2005-06-03,30.0,,,22,223
Once Upon a Time,7.373,2339,"[18, 10765]",en,2011-10-23,43.0,,,7,156
New Japan Pro Wrestling,8.5,4,[18],ja,1972-03-06,,,,54,862
Last of the Summer Wine,7.1,39,[35],en,1973-01-04,30.0,,,31,269
Ben 10: Omniverse,8.27,479,"[10759, 16, 10765, 10762]",en,2012-08-01,22.0,,,8,80
Eek! The Cat,6.8,112,"[16, 10762]",en,1992-09-11,30.0,,,5,112
The Jack Benny Program,7.813,16,[35],en,1950-10-28,30.0,,,15,261
Fringe,8.134,2573,"[10765, 18, 9648]",en,2008-09-09,46.0,,,5,100
Orange Is the New Black,7.657,2617,"[35, 18]",en,2013-07-11,,,,7,91
Madeline,5.8,31,"[10762, 16, 10751]",en,1988-09-09,30.0,,,3,65
Angelina Ballerina: The Next Steps,7.2,5,"[10751, 16, 10762]",en,2009-09-05,,,,4,50
Petits secrets entre voisins,7.0,1,[18],fr,2013-05-28,,,,6,405
Neebs Gaming - Ark Survival Evolved,0.0,0,[],en,2015-06-28,,,,7,305
Des squelettes dans le placard,0.0,0,[],fr,2006-05-01,30.0,,,14,1094
La semaine des 4 Julie,2.0,1,[10767],fr,2020-01-06,45.0,,,4,275
Land Rober Tunai Show,0.0,0,"[10767, 35]",gl,2015-01-21,120.0,,,9,337
American Pickers,6.891,101,[10764],en,2010-01-18,45.0,,,22,405
Choti Sarrdaarni,0.0,0,[18],hi,2019-07-01,24.0,,,1,810
Koh-Lanta,7.0,12,[10764],fr,2001-08-04,85.0,,,32,420
Rocket Monkeys,7.0,2,"[10765, 16, 35]",en,2013-01-10,11.0,,,3,130
Grounded for Life,6.864,92,"[10751, 35]",en,2001-01-10,22.0,,,5,91
Dawson's Creek,7.3,557,"[18, 10766]",en,1998-01-20,44.0,,,6,128
Voyage to the Bottom of the Sea,7.8,122,"[10759, 18, 10765]",en,1964-09-14,50.0,,,4,110
Where the Heart Is,3.0,2,[10766],en,1969-09-08,25.0,,,2,213
Horrible Histories,8.0,59,"[10751, 35]",en,2009-04-16,92.0,,,11,154
Comedy Big League,0.0,0,[35],ko,2011-09-17,75.0,,,4,547
Chicago Med,8.29,1193,[18],en,2015-11-17,,,,10,198
Robot Chicken,7.633,509,"[35, 16]",en,2005-02-20,12.0,,,11,218
INVINCIBLE,8.637,5009,"[16, 10765, 10759, 18]",en,2021-03-25,,,,3,24
Xplay,8.5,2,[],en,2003-04-28,30.0,,,10,643
Sin senos sí hay paraíso,7.56,2854,"[10759, 80, 18, 9648]",es,2016-07-19,50.0,,,4,340
Elif,5.7,10,"[18, 10751, 10766]",tr,2014-09-15,60.0,,,5,1137
The Emperor's New School,7.257,150,"[35, 10762, 16, 10765]",en,2006-01-27,23.0,,,2,90
Alarm for Cobra 11: The Motorway Police,6.521,118,"[18, 35, 10759]",de,1996-03-12,45.0,,,50,387
Good News Week,8.8,4,"[10763, 35, 10751]",en,1996-04-12,42.0,,,9,284
This Is Us,8.2,1511,[18],en,2016-09-20,43.0,,,6,105
The Handmaid's Tale,8.172,2947,"[18, 10765]",en,2017-04-26,,,,6,66
Young Sheldon,8.04,2723,"[35, 10751, 18]",en,2017-09-25,,,,7,141
The Bugs Bunny and Tweety Show,7.833,6,"[16, 35]",en,1986-09-13,60.0,,,15,261
Soul Land,8.3,50,"[16, 18, 10765, 10759]",zh,2018-01-13,20.0,,,1,264
Greenleaf,7.083,115,[18],en,2016-06-21,42.0,,,5,61
Jimmy Kimmel Live!,5.5,171,"[10767, 35]",en,2003-01-26,45.0,,,23,2907
Star Trek: Discovery,7.048,1861,"[10765, 10759, 18]",en,2017-09-24,,,,5,65
Tai Chi Chasers,9.0,1,[16],ko,2007-04-29,27.0,,,1,39
Tamayura,0.0,0,"[18, 10751]",ja,1965-04-05,15.0,,,1,310
Rosario Tijeras (Mexico),7.542,1618,"[18, 80]",es,2016-10-30,45.0,,,4,198
The Ultimate Fighter,6.2,47,[10764],en,2005-01-17,60.0,,,33,433
9-1-1,8.218,2627,"[18, 80, 10759]",en,2018-01-03,43.0,,,9,125
Doctor Who,7.9,655,"[18, 10759, 10765]",en,1963-11-23,25.0,,,26,694
The Real Housewives of Orange County,5.4,66,[10764],en,2006-03-21,,,,19,330
University Challenge,6.0,11,"[10767, 10751]",en,1962-09-21,,,,54,2005
Here's Lucy,6.69,29,[35],en,1968-09-23,25.0,,,6,144
"True Jackson, VP",7.7,39,[35],en,2008-11-08,23.0,,,3,60
20/20,6.1,33,"[10763, 99]",en,1978-06-06,40.0,,,26,705
Star Wars: Forces of Destiny,5.1,63,"[16, 10765, 10759, 10751]",en,2017-07-03,4.0,,,2,32
Menschen bei Maischberger,6.333,3,[10767],de,2003-09-02,60.0,,,19,600
Voltron: Defender of the Universe,7.807,57,"[16, 10765, 10762]",en,1984-09-10,22.0,,,2,72
My Name Is Earl,7.666,1021,[35],en,2005-09-20,,,,4,92
Lost in Space,7.526,1713,"[10765, 10759, 18]",en,2018-04-13,56.0,,,3,28
Urusei Yatsura,7.5,37,"[16, 35, 10765, 18]",ja,1981-10-14,26.0,,,1,218
That '70s Show,7.94,1475,"[35, 10751, 18]",en,1998-08-23,25.0,,,8,200
Abendschau,6.0,2,[10767],de,2000-05-04,45.0,,,25,2926
SD Gundam Force,5.5,2,"[10765, 10759, 16, 10762]",ja,2003-09-01,30.0,,,2,52
League of Super Evil,6.9,7,"[16, 10759, 35, 10762]",en,2009-03-07,30.0,,,3,104
YRK: 3rd Generation,2.0,1,[],en,2021-10-27,,,,1,660
SOKO Leipzig,6.188,16,"[80, 18]",de,2001-01-31,,,,25,494
Check It Out! with Dr. Steve Brule,8.046,65,[35],en,2010-05-16,12.0,,,4,24
Dog Days,7.2,36,"[16, 10765, 10759]",ja,2011-04-02,25.0,,,3,38
Hamburg Dockland,6.0,13,"[80, 18]",de,2007-01-04,43.0,,,19,482
Teen Wolf,8.461,4443,"[10765, 18, 35]",en,2011-06-05,,,,6,100
La rosa de Guadalupe,6.976,270,"[18, 10766]",es,2008-02-05,42.0,,,15,872
Karishma: The Miracles of Destiny,0.0,0,[18],hi,2003-08-25,20.0,,,1,262
Face the Nation with Margaret Brennan,8.0,1,"[10763, 10767]",en,1954-11-07,30.0,,,12,333
He-Man and the Masters of the Universe,7.293,374,"[10759, 16, 10765, 10762]",en,1983-09-05,22.0,,,2,130
Young Hearts,6.1,31,"[10766, 35, 18]",pt,1995-04-24,,,,27,6199
Golden Globe Awards,7.176,17,[10767],en,1944-01-20,130.0,,,82,82
The Legend of Vox Machina,8.228,500,"[16, 10765]",en,2022-01-27,27.0,,,4,36
Arrow,6.825,6083,"[80, 18, 10759]",en,2012-10-10,,,,8,170
Niji,0.0,0,[18],ja,1970-04-06,15.0,,,1,310
The Good Doctor,8.476,12576,[18],en,2017-09-25,,,,7,126
America's Funniest Home Videos,6.6,50,"[35, 10767, 10764]",en,1989-11-26,,,,35,798
MobLand,8.5,215,"[80, 18]",en,2025-03-30,,,,1,10
Toriko,7.1,26,"[16, 10765, 35, 10759]",ja,2011-04-03,25.0,,,3,147
Teen Mom 2,6.4,64,[10764],en,2011-01-11,60.0,,,11,215
Peter Andre's 60 Minute Makeover,0.0,0,[],en,2004-04-19,44.0,,,12,337
Better Call Saul,8.7,5682,"[80, 18]",en,2015-02-08,,,,6,63
The Noite com Danilo Gentili,4.889,9,"[10767, 35]",pt,2014-03-10,,,,10,2000
Sunday with Laura Kuenssberg,2.7,5,"[10763, 10767]",en,2022-09-04,59.0,,,5,125
The O.C.,7.754,860,[18],en,2003-08-05,42.0,,,4,92
The Glen Campbell Goodtime Hour,5.8,4,[35],en,1969-01-22,60.0,,,4,94
Barney & Friends,5.5,85,"[35, 10751, 10762]",en,1992-04-06,30.0,,,14,308
Hello Saturday,6.667,6,[10764],zh,2022-01-01,90.0,,,4,170
Agatha Christie's Poirot,8.156,500,"[80, 18, 9648]",en,1989-01-08,50.0,,,13,70
The Situation Room with Wolf Blitzer,3.0,7,[10768],en,2005-08-08,180.0,,,10,1116
"Murder, She Wrote",7.5,395,"[9648, 80, 18]",en,1984-09-30,45.0,,,12,264
Out of the Blue,5.0,3,"[10766, 18]",en,2008-04-28,22.0,,,1,130
The Hogan Family,6.8,23,"[35, 10751]",en,1986-03-01,30.0,,,6,110
The Game,7.718,39,"[18, 35]",en,2006-10-01,30.0,,,9,147
Folktales from Japan,8.5,2,"[16, 18, 18]",ja,2012-04-01,24.0,,,6,346
Buffy the Vampire Slayer,8.119,1831,"[10765, 35, 18, 10759]",en,1997-03-10,,,,7,144
The Unit,7.3,197,"[10759, 18]",en,2006-03-07,42.0,,,4,69
Murderbot,7.389,126,"[35, 18, 10765]",en,2025-05-15,,,,1,10
The White Village,10.0,1,"[18, 35, 10751]",ca,2007-09-23,60.0,,,15,410
Tales from the Darkside,7.19,84,"[18, 10765]",en,1984-09-30,20.0,,,4,89
Q&A,3.8,3,"[10763, 10767]",en,2008-05-22,60.0,,,14,549
Girlfriends' Guide to Divorce,5.571,28,"[18, 35]",en,2014-12-02,60.0,,,5,45
All Elite Wrestling: Rampage,7.2,19,"[10759, 18]",en,2021-08-13,44.0,,,4,180
Ghost Whisperer,8.077,1775,"[10765, 9648, 18]",en,2005-09-23,,,,5,107
The Boys,8.456,11057,"[10765, 10759]",en,2019-07-25,,,,5,33
Life Bites,6.5,1,"[10751, 10762, 35]",it,2007-10-15,6.0,,,7,545
Sailor Moon,8.383,970,"[10759, 16, 35, 10765, 10762]",ja,1992-03-07,24.0,,,5,200
VH1 Top 20 Video Countdown,7.5,2,[10767],en,2003-01-04,90.0,,,13,654
The Voice,5.9,207,[10764],en,2011-04-26,,,,28,666
Bonanza,7.5,443,"[37, 10759, 18, 10751]",en,1959-09-12,49.0,,,14,431
Scene of the Crime,6.092,114,"[18, 80]",de,1970-11-29,,,,56,1303
The Tom and Jerry Show,7.3,96,"[10751, 16, 35, 10762]",en,2014-04-09,7.0,,,5,325
The Ed Sullivan Show,6.8,22,"[35, 10767]",en,1948-06-20,60.0,,,24,1068
Marvel's Agents of S.H.I.E.L.D.,7.476,3602,"[18, 10765, 10759]",en,2013-09-24,43.0,,,7,136
Medium,7.464,538,"[80, 18, 9648, 10765]",en,2005-01-03,,,,7,128
El Amor no Tiene Precio,0.0,0,"[18, 10766]",es,2005-09-26,60.0,,,1,280
O Beijo do Vampiro,6.1,11,"[10766, 10765, 18]",pt,2002-08-26,50.0,,,1,215
The Guardians of Carcosa,0.0,0,"[16, 10762, 10765, 18]",zh,2013-01-01,23.0,,,10,260
Fear the Walking Dead,7.649,5017,"[10759, 18]",en,2015-08-23,,,,8,113
Sai de Baixo,8.136,21,[35],pt,1996-03-31,,,,8,245
Atrévete a soñar,8.068,897,[18],es,2009-03-08,60.0,,,1,262
It's Not Rocket Science!,8.2,13,[99],fr,1993-09-19,26.0,,,1,573
Pinky and the Brain,7.653,704,"[16, 35, 10751, 10765, 10762]",en,1995-09-09,21.0,,,4,95
The Bionic Woman,7.0,253,"[10765, 10759, 18]",en,1976-01-14,48.0,,,3,58
The Apothecary Diaries,8.7,363,"[16, 18, 9648]",ja,2023-10-22,23.0,,,1,48
Germany's Next Topmodel,5.0,9,[10764],de,2006-01-25,,,,20,332
Ranma ½,8.607,1442,"[35, 10759, 16, 10765]",ja,1989-04-15,25.0,,,1,161
Dr. Slump,8.0,127,"[16, 35, 10765]",ja,1981-04-08,25.0,,,1,243
Question Time,5.1,12,"[10763, 10767]",en,1979-09-25,60.0,,,47,1639
Timeshift,7.0,4,[99],en,2002-10-10,60.0,,,17,184
The Owl House,8.7,1674,"[16, 10765, 18, 10759, 35, 10762]",en,2020-01-10,22.0,,,3,43
Los ricos también lloran,5.0,17,"[18, 10766]",es,1979-04-09,,,,1,248
The Spooktacular New Adventures of Casper,6.4,30,"[16, 35, 10765, 10762]",en,1996-02-24,10.0,,,4,144
Curb Your Enthusiasm,8.0,811,[35],en,2000-10-15,,,,12,120
Kirarin Revolution,7.3,3,"[16, 35]",ja,2006-04-07,25.0,,,3,153
The Summer I Turned Pretty,8.154,790,[18],en,2022-06-16,,,,3,26
New Looney Tunes,7.0,145,"[16, 35, 10751]",en,2015-09-21,6.0,,,3,312
Jungle Junction,4.929,14,"[16, 10762, 10751]",en,2009-10-06,30.0,,,2,89
Without a Trace,7.2,263,"[80, 9648, 10759, 18]",en,2002-09-26,43.0,,,7,160
Rocko's Modern Life,7.4,290,"[16, 35, 10762]",en,1993-09-18,12.0,,,4,100
Oshin,6.7,18,"[18, 10751, 10768]",ja,1983-04-04,15.0,,,1,297
American Horror Story,8.111,5774,"[18, 9648, 10765]",en,2011-10-05,,,,12,132
Billions,7.741,944,[18],en,2016-01-17,60.0,,,7,84
Hélène et les Garçons,5.2,32,"[18, 35]",fr,1992-05-11,26.0,,,1,272
Nogizaka Under Construction,7.2,6,[10767],ja,2015-04-20,30.0,,,11,518
Psycho-Pass,7.7,414,"[16, 80, 10765, 10759]",ja,2012-10-12,28.0,,,3,41
America Says,4.4,15,"[10751, 10764]",en,2018-06-18,25.0,,,6,495
WWE NXT,6.7,116,"[10759, 18]",en,2010-02-23,88.0,,,19,844
Geet Hui Sabse Parayi,10.0,1,[],hi,2010-04-05,29.0,,,1,470
Slayers,7.4,45,"[10759, 10765, 16]",ja,1995-04-07,22.0,,,5,104
Match Game,7.5,21,[],en,1973-07-02,30.0,,,1,1438
India: A Love Story,7.4,78,"[10766, 18]",pt,2009-01-19,,,,1,203
Elena of Avalor,0.0,0,"[16, 10762]",en,2016-07-22,,,,3,81
Celebrity Family Feud,7.9,37,[10764],en,2015-06-21,42.0,,,11,103
AEW Dark: Elevation,6.6,11,"[10759, 18]",en,2021-03-15,45.0,,,3,115
Kashmakash Zindagi Ki,0.0,0,[18],hi,2006-11-20,30.0,,,1,575
Hunter x Hunter,8.5,184,"[10765, 10759, 16, 35, 18]",ja,1999-10-16,23.0,,,1,62
Elementary,7.598,1689,"[18, 9648, 80]",en,2012-09-27,43.0,,,7,154
Making It Through,6.0,1,[18],ja,1990-10-11,,,,10,496
Last Week Tonight with John Oliver,7.855,718,"[10767, 35, 10763]",en,2014-04-27,,,,12,337
Silent Witness,7.6,97,"[80, 18]",en,1996-02-21,60.0,,,28,258
Britain's Got Talent,5.4,72,[10764],en,2007-06-09,60.0,,,18,290
The Phil Silvers Show,6.952,21,[35],en,1955-09-20,30.0,,,4,144
Naruto,8.362,5709,"[16, 10759, 10765]",ja,2002-10-03,24.0,,,4,220
Dateline,6.3,45,"[80, 99]",en,1992-03-31,43.0,,,33,897
Yu Yu Hakusho,8.5,455,"[16, 10759, 10765]",ja,1992-10-10,24.0,,,4,112
Get Smart,7.922,404,"[35, 10765]",en,1965-09-18,25.0,,,5,138
A Fazenda,2.9,13,[10764],pt,2009-05-31,,,,16,1440
The Transformers,7.839,391,"[16, 10762, 10759, 10765]",en,1984-10-06,22.0,,,4,95
As Told by Ginger,6.6,84,"[10751, 16, 35, 10762]",en,2000-10-25,24.0,,,3,44
Charles in Charge,6.115,65,[35],en,1984-10-03,30.0,,,5,126
Blindspot,7.38,2474,"[80, 18, 10759]",en,2015-09-21,43.0,,,5,100
Mortal Kombat: Legacy,6.956,114,"[10759, 10765]",en,2011-04-12,10.0,,,2,19
Rabbids Invasion,7.7,97,"[16, 35, 10762]",fr,2013-08-03,22.0,,,4,312
Off Pedder,10.0,1,"[35, 10751, 18]",cn,2008-10-20,22.0,,,1,338
Paralliloi dromoi,3.0,1,[10766],el,1992-11-09,30.0,,,2,354
You Are The One,7.5,37,"[35, 18]",es,2006-01-16,60.0,,,1,230
American Masters,7.3,20,[99],en,1986-06-23,90.0,,,39,305
Amazing Saturday,7.333,9,"[35, 10764]",ko,2018-04-07,75.0,,,1,340
Death in Paradise,7.439,280,"[35, 80, 18, 9648]",en,2011-10-25,60.0,,,14,112
Pleasant Goat and Big Big Wolf,7.4,17,"[16, 10762, 10759, 35, 10765]",zh,2005-08-03,15.0,,,1,530
Polizeiruf 110,6.4,21,[80],de,1971-06-27,90.0,,,54,420
Contigo en la mañana,2.0,1,[10763],es,2019-03-11,300.0,,,5,644
The Dick Cavett Show,6.7,21,[10767],en,1968-06-06,90.0,,,11,470
Ghosts,7.893,276,[35],en,2021-10-07,,,,4,72
Com si fos ahir,0.0,0,"[18, 10766]",ca,2017-09-11,35.0,,,8,1458
La divina comida,4.0,2,[10764],es,2016-07-09,,,,9,210
Impossible,5.5,4,"[10764, 10767]",en,2017-01-02,44.0,,,8,230
No Hiding Place,3.7,3,"[80, 18]",en,1959-09-16,60.0,,,10,235
Ishq Subhan Allah,2.0,1,"[18, 10766, 10751]",hi,2018-03-14,22.0,,,1,588
Zig and Sharko,0.0,0,"[10751, 35, 16]",fr,2010-12-21,7.0,,,4,312
Clase 406,7.9,253,[18],es,2002-07-01,,,,4,350
The Supervet: Noel Fitzpatrick,8.2,9,[10764],en,2014-05-07,47.0,,,19,112
I've Got a Secret,7.75,4,[10764],en,1952-06-19,30.0,,,15,727
The Powerpuff Girls,5.2,74,"[35, 16, 10759, 10762, 10751]",en,2016-04-04,11.0,,,3,120
Doc McStuffins,5.946,65,"[16, 10762, 10751]",en,2012-03-23,,,,5,242
The Weekly with Charlie Pickering,4.7,3,"[35, 10767]",en,2015-04-22,30.0,,,11,175
The Kitchen,3.591,11,"[10764, 10751, 10767, 18]",en,2014-01-04,60.0,,,39,523
"Wetten, dass..?",5.3,19,"[18, 10764, 35, 10767]",de,1981-02-14,165.0,,,33,210
Newhart,7.104,53,"[35, 18]",en,1982-10-02,30.0,,,8,184
Columbo,8.088,740,"[80, 18]",en,1971-09-15,,,,10,67
Baki the Grappler,7.9,326,"[16, 10759, 18]",ja,2001-01-08,25.0,,,2,48
Dog with a Blog,7.0,113,"[35, 10751, 18]",en,2012-10-12,21.0,,,3,70
24,7.789,1608,"[10759, 18, 80]",en,2001-11-06,45.0,,,9,204
Mannix,6.7,52,"[10759, 80, 9648, 18]",en,1967-09-16,52.0,,,8,194
Archer,7.954,1304,"[35, 10759, 16]",en,2009-09-17,22.0,,,14,140
Traffic Cops,7.2,4,[99],en,2016-11-14,45.0,,,13,179
The Story of Ming Lan,7.3,33,[18],zh,2018-12-23,45.0,,,1,78
Riverdale,8.431,13556,"[80, 18, 9648]",en,2017-01-26,45.0,,,7,137
Einer wird gewinnen,7.0,1,[10767],de,1964-01-25,90.0,,,1,85
Aquí somos todos,2.0,1,[],es,2020-04-13,90.0,,,3,473
The Equalizer,7.2,59,"[99, 10759, 80, 18]",en,1985-09-18,48.0,,,4,88
You,8.044,3534,[80],en,2018-09-09,50.0,,,5,50
The Atom Ant Show,7.2,189,"[16, 10762, 35]",en,1965-10-02,21.0,,,1,78
Community,7.996,1845,[35],en,2009-09-17,,,,6,110
Carte Blanche,5.5,2,[10763],en,1988-08-21,60.0,,,38,1917
My Teen Romantic Comedy SNAFU,8.3,533,"[16, 35, 18]",ja,2013-04-05,24.0,,,3,38
Secret × Warrior Phantomirage!,8.2,4,"[10759, 10762, 10765]",ja,2019-04-07,25.0,,,1,64
Hayate the Combat Butler,6.7,24,"[16, 35]",ja,2007-04-01,25.0,,,4,101
Spécial cinéma,0.0,0,[10767],fr,1974-09-25,,,,24,581
Solo Leveling,8.625,1216,"[16, 10759, 10765]",ja,2024-01-07,24.0,,,1,25
El hormiguero,4.8,37,"[35, 10767]",es,2006-09-24,50.0,,,19,1329
For Better or Worse,7.258,31,[35],en,2011-11-25,22.0,,,6,135
Tavis Smiley,7.3,3,"[10767, 10763]",en,2004-01-05,30.0,,,3,605
GG Bond,8.833,6,"[16, 10762, 10765, 10759]",zh,2006-07-01,,,,41,1324
Danger Bay,7.2,6,[18],en,1985-10-07,30.0,,,6,123
Moterys meluoja geriau,8.0,1,"[35, 18]",lt,2008-02-04,22.0,,,17,1354
The City,5.0,2,[10766],en,1995-11-13,30.0,,,3,289
Major,8.5,17,[16],ja,2004-11-13,25.0,,,6,154
Prisoner,7.719,32,"[10766, 18]",en,1979-02-27,50.0,,,8,692
The Twilight Zone,7.2,106,"[10765, 9648, 18]",en,2002-09-18,21.0,,,1,43
Mushoku Tensei: Jobless Reincarnation,8.547,1290,"[10759, 16, 10765]",ja,2021-01-11,24.0,,,3,47
Perdona nuestros pecados,3.0,3,"[10766, 18]",es,2017-03-06,48.0,,,2,312
Simply K-Pop,6.3,3,[],en,2012-03-13,55.0,,,2,496
How to Survive a Marriage,3.5,2,[10766],en,1974-01-07,30.0,,,2,172
The Pink Panther,6.76,73,"[10762, 16, 35]",en,1993-09-12,10.0,,,3,130
Eureka Seven,7.5,59,"[10759, 10765, 16, 18]",ja,2005-04-17,24.0,,,2,74
Diagnosis: Murder,7.071,113,"[18, 10751, 9648]",en,1993-10-29,45.0,,,8,178
Chappelle's Show,8.083,390,[35],en,2003-01-22,22.0,,,3,28
The Beast Player Erin,7.3,6,"[16, 18, 10765]",ja,2009-01-10,25.0,,,1,50
Michael McIntyre's The Wheel,5.8,6,[10764],en,2020-11-28,59.0,,,5,57
The Cosby Show,7.027,431,"[35, 10751]",en,1984-09-20,24.0,,,8,197
Let's Dance,6.0,7,[10764],de,2006-04-03,120.0,,,18,208
Tu cara me suena,7.1,19,[35],es,2011-09-28,215.0,,,12,195
Married... with Children,7.721,1081,[35],en,1987-04-05,22.0,,,11,258
Cheers,7.567,606,[35],en,1982-09-30,24.0,,,11,269
The Young Indiana Jones Chronicles,6.532,124,"[10759, 18, 10765]",en,1992-03-04,,,,2,24
Numb3rs,7.0,391,"[80, 18, 9648]",en,2005-01-23,45.0,,,6,118
Ti Ti Ti,7.4,17,[10766],pt,2010-07-19,50.0,,,1,209
WWE Confidential,10.0,3,"[10759, 99, 18]",en,2002-05-25,60.0,,,3,81
Jamuna Dhaki,0.0,0,[18],bn,2020-07-13,22.0,,,1,675
The Jay Leno Show,3.6,15,"[10767, 35]",en,2009-09-14,60.0,,,1,96
Taotao,6.0,2,"[16, 10762]",ja,1984-01-28,24.0,,,1,52
"Silence, on joue!",3.0,4,"[10764, 35]",fr,2015-09-07,25.0,,,8,1075
Hello Counselor,9.0,2,[10764],ko,2010-11-22,,,,1,431
"Have Gun, Will Travel",7.4,40,"[37, 10759, 18]",en,1957-09-14,25.0,,,6,225
The Howard Stern Show,2.3,3,"[10767, 35]",en,1994-06-18,60.0,,,9,159
Dad's Army,7.4,73,[35],en,1968-07-31,30.0,,,9,77
郭德纲相声动画版,0.0,0,[16],zh,2013-01-01,,,,1,839
Xena: Warrior Princess,7.5,1309,"[18, 10759, 10765]",en,1995-09-04,44.0,,,6,134
Bobby's World,6.91,139,"[10762, 16, 10751, 35]",en,1990-09-08,30.0,,,7,81
Falling Angel,8.192,198,"[18, 10766]",es,2009-05-25,45.0,,,1,182
Ela sti thesi mou,5.0,3,"[35, 10766]",el,2016-10-03,45.0,,,5,934
Viva Rai2!,7.5,12,"[35, 10767]",it,2022-12-05,,,,2,227
First Dates,5.3,3,"[10764, 10767]",es,2016-04-17,60.0,,,6,634
How It's Made,7.631,153,[99],en,2001-01-06,30.0,,,32,416
"Mary Hartman, Mary Hartman",7.1,17,"[18, 10766, 35]",en,1976-01-05,30.0,,,2,325
The Flintstones,7.42,922,"[10751, 16, 35, 10762]",en,1960-09-30,25.0,,,6,166
"Love, American Style",6.056,18,[35],en,1969-09-29,60.0,,,5,356
Sítio do Picapau Amarelo,7.4,14,"[10751, 10762, 35, 18]",pt,2001-10-12,20.0,,,7,208
The Addams Family,8.0,403,"[35, 10751]",en,1964-09-18,30.0,,,2,64
Hell on Wheels,7.577,431,"[10759, 18, 37]",en,2011-11-06,60.0,,,5,57
Cow and Chicken,7.093,473,"[16, 35, 10762]",en,1997-09-16,6.0,,,4,156
Talking Dead,7.273,55,[10767],en,2011-10-16,60.0,,,11,230
The Avengers,7.734,139,"[10759, 80, 10765]",en,1961-01-07,50.0,,,6,161
Kenichi: The Mightiest Disciple,8.5,441,"[10759, 16, 35]",ja,2006-10-07,25.0,,,1,50
The Electric Company,7.1,20,"[35, 10751]",en,1971-10-25,28.0,,,6,780
Jake and Amir,5.0,4,[35],en,2007-04-23,,,,1,681
Person of Interest,8.075,1838,"[18, 10759, 80, 10765]",en,2011-09-22,43.0,,,5,103
The Mr. Magoo Show,6.7,9,[16],en,1960-11-07,30.0,,,1,130
Beelzebub,8.291,249,"[16, 35, 18]",ja,2011-01-09,25.0,,,1,60
Vanderpump Rules,6.306,49,[10764],en,2013-01-07,42.0,,,11,224
Kiteretsu Daihyakka,8.1,12,"[16, 35]",ja,1988-03-27,25.0,,,1,331
Most Haunted,5.9,18,"[99, 9648, 10764]",en,2002-05-25,60.0,,,23,275
House of Cards,8.0,2888,[18],en,2013-02-01,,,,6,73
Das perfekte Promi-Dinner,0.0,0,"[10767, 10764]",de,2006-08-21,45.0,,,15,247
Offspring,7.1,24,[18],en,2010-08-22,60.0,,,7,85
Grimm,8.264,3335,"[18, 9648, 10765]",en,2011-10-28,45.0,,,6,122
Cobra Kai,8.213,6624,"[10759, 18, 35]",en,2018-05-02,,,,6,65
Ningen Kansatsu Variety MONITORING,9.0,1,[],ja,2012-10-24,,,,9,266
Bakugan,5.4,22,"[16, 10762, 10765, 10759]",en,2018-12-23,11.0,,,6,338
Littlest Pet Shop,6.9,26,"[16, 35, 10751]",en,2012-11-10,22.0,,,4,104
The Commish,7.12,25,"[18, 35]",en,1991-09-28,60.0,,,5,94
Westworld,8.037,5739,"[10765, 37]",en,2016-10-02,,,,4,36
India's Got Talent,5.7,9,[10764],hi,2009-06-27,60.0,,,10,209
Young Justice,8.387,1141,"[16, 10765, 10759]",en,2010-11-26,22.0,,,4,98
The Super Milk-Chan Show,7.0,6,"[16, 35]",ja,1998-06-18,21.0,,,3,52
SMAP×SMAP,8.5,2,[35],ja,1996-04-15,54.0,,,21,420
Peep Show,8.0,393,[35],en,2003-09-19,25.0,,,9,54
Life Below Zero,7.5,40,"[10764, 99]",en,2013-05-19,60.0,,,23,251
Whose Line Is It Anyway?,7.809,338,"[35, 10764]",en,1998-08-05,22.0,,,8,219
闲人马大姐,6.0,2,"[35, 10751, 10766, 18]",zh,2000-08-01,,,,1,267
The Resident,8.402,1248,[18],en,2018-01-21,42.0,,,6,107
Mom,7.3,592,"[35, 18]",en,2013-09-23,23.0,,,8,170
The Wayans Bros.,7.1,60,[35],en,1995-01-11,30.0,,,5,102
30 Rock,7.448,716,[35],en,2006-10-11,22.0,,,7,138
Who Wants to Be a Millionaire?,6.8,28,[10764],en,1998-09-04,45.0,,,36,463
Fate/Zero,8.019,335,"[10759, 16, 10765]",ja,2011-10-02,25.0,,,2,25
The Irregular at Magic High School,7.8,284,"[10759, 16, 10765]",ja,2014-04-06,24.0,,,3,52
Real Husbands of Hollywood,7.2,31,[35],en,2013-01-15,22.0,,,5,60
One Piece,8.7,4911,"[10759, 35, 16]",ja,1999-10-20,24.0,,,22,1135
NANA,8.4,205,"[16, 35, 18, 10751]",ja,2006-04-05,23.0,,,1,47
Fireman Sam,6.2,36,"[10762, 16, 35, 10751]",cy,1987-11-17,10.0,,,16,363
Gilmore Girls,7.885,1112,"[35, 18]",en,2000-10-05,44.0,,,7,153
Gran Hermano,4.6,16,[10764],es,2000-04-23,160.0,,,19,502
Twin Peaks,8.3,2255,"[18, 9648]",en,1990-04-08,,,,3,48
The Bold and the Beautiful,5.5,138,"[10766, 18]",en,1987-03-23,,,,39,8527
The Dean Martin Celebrity Roasts,5.4,10,[35],en,1973-09-14,60.0,,,8,85
Showa Genroku Rakugo Shinju,8.0,57,"[16, 18, 35]",ja,2016-01-09,26.0,,,2,25
The Haunted Hathaways,7.0,75,"[35, 10751]",en,2013-07-13,22.0,,,2,47
How Do They Do It?,7.5,36,[99],en,2006-05-06,22.0,,,17,287
"Beverly Hills, 90210",7.366,759,"[18, 10766]",en,1990-10-04,,,,10,284
A Discovery of Witches,7.82,756,"[10765, 18]",en,2018-09-14,43.0,,,3,25
"Softly, Softly",5.0,1,[18],en,1966-01-05,50.0,,,12,269
Guten Morgen Deutschland,0.0,0,"[10763, 10767]",de,2013-08-26,,,,10,2197
Mandarine & Cow,3.5,1,[16],fr,2007-07-08,7.0,,,2,156
"Diners, Drive-Ins and Dives",6.7,64,"[99, 10764]",en,2007-04-23,22.0,,,52,679
The Real Housewives of New York City,5.8,62,[10764],en,2008-03-04,60.0,,,15,292
Pushpa Impossible,7.0,1,"[10751, 18, 35]",hi,2022-06-06,,,,1,761
Infrarouge,5.5,4,[99],fr,2006-02-02,,,,19,526
The Nanny,8.066,1199,"[35, 10751]",en,1993-11-03,24.0,,,6,145
El día menos pensado,5.0,2,"[9648, 10765, 18]",es,1999-05-16,,,,11,149
Karam Apnaa Apnaa,0.0,0,[18],hi,2006-01-05,24.0,,,1,603
DC's Legends of Tomorrow,7.275,2355,"[10759, 10765, 18]",en,2016-01-21,42.0,,,7,110
The Masked Singer,7.7,115,[10764],en,2019-01-02,43.0,,,13,173
Batman: The Animated Series,8.546,1677,"[10759, 16, 18, 9648]",en,1992-09-05,,,,4,85
The Colgate Comedy Hour,6.8,12,[35],en,1950-09-10,60.0,,,6,208
La Sexóloga,0.0,0,[35],es,2012-09-24,45.0,,,1,89
ZIBB,0.0,0,"[10763, 10767]",de,2003-11-10,,,,19,3420
Deal with it - Stai al gioco,7.0,2,[10764],it,2019-10-14,55.0,,,5,229
Comedy Bang! Bang!,6.2,39,"[35, 10767]",en,2012-06-08,22.0,,,5,110
The Avengers: Earth's Mightiest Heroes,8.197,732,"[10759, 16, 10765, 10751]",en,2010-10-20,22.0,,,2,52
Kraft Music Hall,4.667,6,[],en,1958-10-08,60.0,,,13,214
Sgt. Frog,7.3,23,"[16, 35, 10765]",ja,2004-04-03,25.0,,,7,358
The Bold Ones: The New Doctors,4.0,3,[18],en,1969-09-14,60.0,,,4,45
The Snoopy Show,7.725,153,[16],en,2021-02-05,22.0,,,3,39
The King of Queens,7.091,648,[35],en,1998-09-21,25.0,,,9,207
Avatar: The Last Airbender,8.7,4386,"[16, 10759, 10765]",en,2005-02-21,24.0,,,3,61
The Rockford Files,7.5,111,"[80, 18, 9648]",en,1974-09-13,60.0,,,6,122
Elite,8.025,9241,"[80, 9648, 18]",es,2018-10-05,,,,8,64
Dit Was Het Nieuws,6.5,4,[],nl,1996-05-17,30.0,,,49,294
Mula Sa Puso,6.0,1,"[18, 80]",tl,1997-03-10,30.0,,,1,538
SOKO Kitzbühel,4.4,5,[80],de,2001-11-15,45.0,,,20,263
Are You Afraid of the Dark?,8.1,585,"[9648, 10762, 18]",en,1992-08-15,,,,7,91
L'Académie des 9,0.0,0,[],fr,1982-09-13,30.0,,,6,1213
"Doogie Howser, M.D.",6.6,104,"[18, 35]",en,1989-09-19,24.0,,,4,97
Only Murders in the Building,8.466,1809,"[35, 9648, 80]",en,2021-08-31,,,,5,40
Wittekerke,4.5,2,[18],nl,1993-08-31,45.0,,,15,1066
The Busy World of Richard Scarry,8.02,25,"[16, 10762]",en,1994-03-09,23.0,,,5,195
Pai Herói,8.0,1,"[10766, 18]",pt,1979-01-29,,,,1,174
Ex on the Beach,7.1,17,[10764],en,2018-04-19,43.0,,,6,80
FBI,7.901,843,"[80, 10759, 18]",en,2018-09-25,43.0,,,7,135
Juego de ilusiones,6.0,2,[10766],es,2023-01-16,25.0,,,1,550
The Fairly OddParents,7.581,1024,"[16, 35, 10765, 10762]",en,2001-03-30,12.0,,,10,268
Potol Kumar Gaanwala,10.0,2,"[18, 10751]",bn,2015-12-14,22.0,,,16,632
Manga Hajimete Monogatari,0.0,0,"[16, 10762]",ja,1978-05-06,25.0,,,1,305
CentoVetrine,6.0,1,"[10766, 18]",it,2001-01-08,20.0,,,15,3318
Aquarion,6.7,22,"[10759, 16, 18, 10765]",ja,2005-04-05,30.0,,,4,90
Futurama,8.375,3436,"[16, 35, 10765]",en,1999-03-28,,,,9,144
The Shield,8.1,778,"[80, 18, 10759]",en,2002-03-12,45.0,,,7,88
Storage Wars,5.7,120,[10764],en,2010-12-01,25.0,,,16,342
Animaniacs,8.001,728,"[16, 10762, 35, 10751]",en,1993-09-13,,,,5,275
Bizarre Bunch,0.0,0,[18],ko,2005-09-26,35.0,,,1,170
Adaalat,7.5,2,"[18, 80, 9648]",hi,2010-11-20,45.0,,,2,457
GOOD BOY,8.548,31,"[80, 35, 10759, 18]",ko,2025-05-31,,,,1,16
Kkusum,1.0,1,"[18, 10766]",hi,2001-05-14,24.0,,,1,1001
MacGyver,7.7,862,"[18, 10759, 80]",en,1985-09-29,45.0,,,7,139
Medabots,8.3,182,"[10765, 16, 10759, 35, 10762]",ja,1999-07-02,23.0,,,3,91
Crossing Jordan,7.166,151,[18],en,2001-09-24,42.0,,,6,117
Johnny Bravo,7.283,585,"[16, 35, 10751]",en,1997-07-07,,,,4,181
Bob Hope Presents the Chrysler Theatre,5.714,7,"[18, 35, 10767]",en,1963-10-04,60.0,,,4,107
Dream Team,7.0,4,"[10766, 18]",en,1997-10-07,60.0,,,10,420
The Great Emperor Ashoka,4.5,2,[10766],hi,2015-02-02,30.0,,,1,442
Bosch,7.9,626,"[9648, 18, 80]",en,2015-01-14,45.0,,,7,68
"Quincy, M.E.",7.509,110,"[80, 18, 9648]",en,1976-10-03,60.0,,,8,148
Mad Men,8.12,1314,[18],en,2007-07-19,,,,7,92
Last Man Standing,7.3,326,[35],en,2011-10-11,21.0,,,9,194
The Two Ronnies,7.6,26,[35],en,1971-04-10,50.0,,,12,95
What Would You Do?,7.8,5,"[35, 10751]",en,1991-08-31,30.0,,,1,90
Adventures in Paradise,5.7,6,"[10759, 18]",en,1959-10-05,60.0,,,3,91
Secrecy of the investigation,7.8,16,"[10759, 9648, 18, 80]",ru,2000-09-01,45.0,,,24,414
Science grand format,7.0,4,[99],fr,2016-08-31,90.0,,,9,326
Re:ZERO -Starting Life in Another World-,7.8,516,"[16, 35, 10759, 10765]",ja,2016-04-04,25.0,,,1,66
Gossips Behind the Scene,0.0,0,[10767],zh,2008-04-14,,,,1,738
AVN Awards,5.478,23,[10764],en,1984-01-01,,,,42,42
Ancient Aliens,6.922,274,"[99, 9648, 10765]",en,2010-04-20,42.0,,,21,267
